event_id,user_id,timestamp,event_type,amount,city,device,ip_address,is_fraud,scenario
7147f63c,User_004,2025-01-01 04:29:49,login,0.0,Lezhë,Desktop_Mac,202.235.89.4,1,fraud
ac7f1b84,User_001,2025-01-01 11:52:59,payment,0.0,Athens,Tablet_Android,13.5.33.112,1,fraud
50247a16,User_015,2025-01-01 13:37:36,view_balance,0.0,Berat,Desktop_Mac,205.19.7.56,0,normal
e443660d,User_006,2025-01-01 14:22:57,view_balance,0.0,Berat,Tablet_Android,17.80.14.221,0,normal
309700e9,User_005,2025-01-01 14:36:12,change_password,0.0,Kavajë,Tablet_Android,50.223.154.207,0,normal
b12e8633,User_011,2025-01-01 21:19:27,login,0.0,Vlorë,Desktop_Mac,126.230.207.133,0,normal
6a6fa2b2,User_001,2025-01-02 00:32:40,payment,341.5,Korçë,Tablet_Android,1.111.153.12,0,normal
fd0bf243,User_017,2025-01-02 01:27:53,login,0.0,Shkodër,Mobile_Android,169.227.59.103,0,normal
2f587652,User_016,2025-01-02 21:17:16,view_balance,0.0,Elbasan,Mobile_Android,76.220.220.195,0,normal
a6814828,User_016,2025-01-02 23:09:37,failed_login,0.0,Elbasan,Mobile_Android,195.145.93.111,0,normal
a61b2dea,User_014,2025-01-04 12:33:22,view_balance,0.0,Kavajë,Tablet_iPad,36.122.115.106,0,normal
b3accbb4,User_003,2025-01-04 14:37:14,logout,0.0,Sarandë,Mobile_iOS,136.192.253.177,0,normal
29ee772a,User_012,2025-01-04 22:05:31,transfer,9169.15,Korçë,Mobile_iOS,61.218.175.194,1,fraud
158171d9,User_002,2025-01-05 11:26:31,view_balance,0.0,Shkodër,Tablet_iPad,35.218.208.52,0,normal
86e4cdf4,User_006,2025-01-05 14:21:46,view_balance,0.0,Berat,Tablet_Android,159.105.157.225,0,normal
b75085ec,User_011,2025-01-05 16:55:19,payment,56.29,Vlorë,Desktop_Mac,23.22.239.128,0,normal
53466c28,User_005,2025-01-05 18:58:13,view_balance,0.0,Kavajë,Tablet_Android,172.90.74.41,0,normal
cc53cfc3,User_013,2025-01-05 22:55:32,change_password,0.0,Kavajë,Tablet_Android,49.211.175.6,0,normal
29c1665a,User_015,2025-01-05 23:45:49,change_password,0.0,Berat,Desktop_Mac,136.161.108.187,0,normal
198e83ed,User_017,2025-01-06 18:55:37,transfer,224.19,Shkodër,Mobile_Android,27.6.67.220,0,normal
fab96904,User_019,2025-01-07 02:46:22,view_balance,0.0,Berat,Desktop_Windows,148.27.150.166,0,normal
787cc3c0,User_001,2025-01-07 05:14:17,view_balance,0.0,Korçë,Tablet_Android,209.38.21.222,0,normal
3316ac4f,User_012,2025-01-07 10:32:05,payment,393.27,Korçë,Mobile_iOS,190.244.220.47,0,normal
bd177bea,User_011,2025-01-07 15:44:58,failed_login,0.0,Vlorë,Desktop_Mac,34.181.242.104,0,normal
06a16776,User_004,2025-01-07 16:08:35,failed_login,0.0,Lezhë,Desktop_Mac,201.93.239.21,0,normal
4f7a3edc,User_016,2025-01-08 03:39:03,transfer,90.57,Elbasan,Mobile_Android,10.132.216.46,0,normal
07fe3d77,User_005,2025-01-08 13:22:29,transfer,231.76,Kavajë,Tablet_Android,211.43.47.107,0,normal
bc65915c,User_017,2025-01-09 02:19:57,view_balance,0.0,Shkodër,Mobile_Android,223.48.136.113,0,normal
548ee896,User_003,2025-01-12 02:41:26,transfer,12189.95,Sarandë,Mobile_iOS,172.243.83.49,1,fraud
6e18d277,User_015,2025-01-12 04:27:19,transfer,724.69,Berat,Mobile_iOS,8.185.144.3,1,fraud
44abf353,User_011,2025-01-12 09:31:15,failed_login,0.0,Vlorë,Desktop_Mac,17.187.197.52,0,normal
7efd4dc0,User_016,2025-01-12 16:15:11,failed_login,0.0,Elbasan,Mobile_Android,113.51.119.57,0,normal
5a27f84d,User_011,2025-01-13 04:32:23,change_password,0.0,Vlorë,Desktop_Mac,55.134.30.201,0,normal
43e99a3b,User_016,2025-01-13 08:51:35,login,0.0,Elbasan,Mobile_Android,216.215.4.203,0,normal
5589b9a9,User_020,2025-01-13 12:41:49,login,0.0,Vlorë,Mobile_iOS,6.82.169.117,0,normal
faeceed5,User_016,2025-01-13 15:34:18,payment,131.79,Elbasan,Mobile_Android,10.194.205.34,0,normal
2b5936ca,User_020,2025-01-14 08:14:20,login,0.0,Vlorë,Mobile_iOS,172.146.63.82,0,normal
7934f08b,User_010,2025-01-14 10:17:53,view_balance,0.0,Pogradec,Mobile_Android,152.5.7.122,0,normal
5c4fb306,User_007,2025-01-15 06:37:33,login,0.0,Istanbul,Mobile_iOS,60.79.227.227,1,fraud
e23266ae,User_015,2025-01-15 09:59:12,logout,0.0,Berat,Desktop_Mac,124.220.123.53,0,normal
3cbf6a7c,User_014,2025-01-15 13:06:16,view_balance,0.0,Kavajë,Tablet_iPad,17.170.175.108,0,normal
b6dd66e4,User_014,2025-01-16 00:44:54,login,0.0,Kavajë,Tablet_iPad,170.203.255.138,0,normal
18b30194,User_007,2025-01-16 23:21:20,view_balance,0.0,Sarandë,Mobile_iOS,36.191.138.47,0,normal
b60f96f6,User_002,2025-01-17 04:24:37,failed_login,0.0,Shkodër,Tablet_iPad,135.249.220.117,0,normal
ee21bdfa,User_017,2025-01-17 09:56:54,view_balance,0.0,Shkodër,Mobile_Android,30.38.44.77,0,normal
21a02990,User_009,2025-01-17 11:06:41,failed_login,0.0,Korçë,Tablet_iPad,63.36.253.179,0,normal
aa06e0e1,User_017,2025-01-17 11:27:29,failed_login,0.0,Shkodër,Mobile_Android,116.52.48.139,0,normal
a2596417,User_011,2025-01-17 16:55:35,transfer,983.12,Vlorë,Mobile_iOS,207.168.104.137,1,fraud
58891d5b,User_016,2025-01-18 18:11:39,view_balance,0.0,Elbasan,Mobile_Android,113.208.175.127,0,normal
00298a22,User_004,2025-01-18 20:06:00,transfer,14651.28,Lezhë,Desktop_Mac,202.142.217.237,1,fraud
d7b06f7f,User_015,2025-01-18 20:12:20,failed_login,0.0,Berat,Desktop_Mac,7.67.144.159,0,normal
d2ab1cbd,User_014,2025-01-19 03:25:37,view_balance,0.0,Kavajë,Tablet_iPad,188.44.14.139,0,normal
7e5be40c,User_015,2025-01-19 03:46:43,transfer,2977.99,Berat,Desktop_Mac,138.29.253.118,1,fraud
e352c7cd,User_015,2025-01-20 09:28:02,logout,0.0,Berat,Desktop_Mac,129.13.70.217,0,normal
28076c13,User_013,2025-01-20 16:54:06,payment,252.11,Kavajë,Tablet_Android,6.194.208.87,0,normal
184b7ab4,User_008,2025-01-21 14:32:34,change_password,0.0,Elbasan,Desktop_Mac,27.151.11.93,0,normal
e455ab23,User_013,2025-01-21 18:52:18,view_balance,0.0,Kavajë,Tablet_Android,201.229.166.123,0,normal
d461e84b,User_004,2025-01-22 03:51:46,transfer,1582.39,Lezhë,Desktop_Mac,32.133.250.131,1,fraud
bf6bd077,User_020,2025-01-22 10:26:02,failed_login,0.0,Vlorë,Mobile_iOS,91.110.100.64,0,normal
d2a35164,User_004,2025-01-22 13:15:35,transfer,5068.37,Athens,Desktop_Mac,167.79.211.61,1,fraud
7e367a16,User_019,2025-01-22 13:29:37,failed_login,0.0,Berat,Desktop_Windows,100.255.205.158,0,normal
96b1f7a9,User_002,2025-01-22 18:56:36,login,0.0,Shkodër,Tablet_iPad,92.4.59.68,0,normal
655de74f,User_018,2025-01-22 21:42:02,view_balance,0.0,Berat,Desktop_Windows,69.43.171.215,0,normal
17305791,User_001,2025-01-22 23:58:17,failed_login,0.0,Korçë,Tablet_Android,16.237.197.119,0,normal
51297bcb,User_008,2025-01-23 08:33:45,transfer,498.63,Elbasan,Desktop_Mac,71.82.143.96,0,normal
7c4558d6,User_005,2025-01-23 09:53:04,failed_login,0.0,Kavajë,Tablet_Android,4.1.43.214,0,normal
7aec25d1,User_008,2025-01-23 14:25:45,view_balance,0.0,Elbasan,Desktop_Mac,58.2.22.79,0,normal
3a53e3d8,User_013,2025-01-25 01:02:57,transfer,13857.2,Kavajë,Tablet_Android,46.110.26.236,1,fraud
f9d6cc04,User_005,2025-01-25 02:32:03,view_balance,0.0,Kavajë,Tablet_Android,88.104.69.202,0,normal
e34f54d5,User_008,2025-01-25 04:10:58,transfer,406.1,Elbasan,Desktop_Mac,25.36.175.94,0,normal
9bae4fe0,User_020,2025-01-25 10:37:01,payment,532.09,Vlorë,Mobile_iOS,163.248.126.54,0,normal
cce6ee5b,User_012,2025-01-25 12:50:57,transfer,434.02,Korçë,Mobile_iOS,44.177.111.98,0,normal
23ae3817,User_014,2025-01-25 12:52:33,login,0.0,Kavajë,Tablet_iPad,30.255.146.224,0,normal
5f9b67bc,User_002,2025-01-25 14:03:44,view_balance,0.0,Shkodër,Tablet_iPad,153.194.179.23,0,normal
f5c20488,User_012,2025-01-25 16:12:19,payment,429.81,Korçë,Mobile_iOS,18.82.69.240,0,normal
fa7ccddf,User_012,2025-01-25 19:58:20,change_password,0.0,Korçë,Mobile_iOS,78.97.112.243,0,normal
7aa41e1d,User_016,2025-01-25 21:27:08,view_balance,0.0,Elbasan,Mobile_Android,121.50.55.87,0,normal
c05525f4,User_009,2025-01-26 08:14:09,logout,0.0,Korçë,Tablet_iPad,96.105.56.50,0,normal
c65eddc0,User_013,2025-01-26 14:31:09,view_balance,0.0,Kavajë,Tablet_Android,13.92.238.93,0,normal
ae5e8ba8,User_016,2025-01-27 07:59:45,logout,0.0,Elbasan,Mobile_Android,188.33.205.76,0,normal
30181910,User_014,2025-01-27 14:27:34,view_balance,0.0,Kavajë,Tablet_iPad,124.55.213.171,0,normal
a40a8239,User_005,2025-01-27 22:51:28,failed_login,0.0,Kavajë,Tablet_Android,95.172.88.188,1,fraud
2dde1cc3,User_007,2025-01-28 08:34:46,login,0.0,Sarandë,Mobile_iOS,170.26.226.72,0,normal
95ccd66c,User_005,2025-01-28 09:38:56,failed_login,0.0,Kavajë,Tablet_Android,83.51.38.240,0,normal
7acc264b,User_019,2025-01-28 18:42:57,login,0.0,Berat,Desktop_Windows,157.145.5.63,0,normal
57721013,User_002,2025-01-29 20:14:51,failed_login,0.0,Shkodër,Tablet_iPad,137.218.169.179,0,normal
b9c3bf34,User_020,2025-01-29 23:17:09,failed_login,0.0,Vlorë,Mobile_iOS,3.139.215.124,0,normal
8cdbdea8,User_005,2025-01-30 03:32:09,login,0.0,Kavajë,Tablet_Android,206.97.131.190,1,fraud
a0dde7d6,User_012,2025-01-30 05:52:30,failed_login,0.0,Korçë,Mobile_iOS,142.242.175.225,0,normal
cd139a56,User_013,2025-01-31 13:19:17,transfer,365.45,Kavajë,Tablet_Android,207.243.74.232,0,normal
37da051f,User_019,2025-01-31 22:41:09,failed_login,0.0,Berat,Desktop_Windows,90.227.161.167,0,normal
923f7f2e,User_010,2025-02-01 01:08:16,failed_login,0.0,Pogradec,Mobile_Android,87.153.101.149,0,normal
ee6d4470,User_012,2025-02-02 15:54:22,view_balance,0.0,Korçë,Mobile_iOS,116.115.120.25,0,normal
a3eadf97,User_020,2025-02-03 08:50:46,logout,0.0,Vlorë,Mobile_iOS,223.229.48.158,0,normal
a9fb5049,User_015,2025-02-03 14:07:39,payment,50.52,Berat,Desktop_Mac,77.164.81.250,0,normal
32043ba1,User_004,2025-02-03 19:47:59,view_balance,0.0,Lezhë,Desktop_Mac,38.177.195.176,0,normal
852e6e19,User_013,2025-02-04 06:21:40,failed_login,0.0,Kavajë,Tablet_Android,42.66.142.174,0,normal
76e64d72,User_004,2025-02-04 16:33:23,failed_login,0.0,Lezhë,Desktop_Mac,195.118.141.188,0,normal
bbc9c996,User_016,2025-02-05 17:48:38,view_balance,0.0,Elbasan,Mobile_Android,200.169.23.10,0,normal
8e8f9019,User_018,2025-02-06 15:12:27,login,0.0,Berat,Desktop_Windows,117.95.161.171,0,normal
fbf2b27b,User_012,2025-02-06 22:08:40,transfer,548.21,Korçë,Mobile_iOS,124.224.226.204,0,normal
57331bb8,User_019,2025-02-07 19:56:28,view_balance,0.0,Berat,Desktop_Windows,24.99.160.83,0,normal
712f7141,User_015,2025-02-07 22:34:29,login,0.0,Berat,Desktop_Mac,182.131.222.129,0,normal
7cb68424,User_016,2025-02-08 02:03:29,transfer,4621.05,Elbasan,Mobile_Android,140.78.14.93,1,fraud
116c39cd,User_019,2025-02-08 02:44:12,payment,477.34,Berat,Desktop_Windows,141.182.14.78,0,normal
585f842c,User_004,2025-02-08 08:34:59,view_balance,0.0,Lezhë,Desktop_Mac,60.54.114.126,0,normal
52606408,User_012,2025-02-08 14:55:48,view_balance,0.0,Korçë,Mobile_iOS,22.56.208.61,0,normal
b3bd153b,User_010,2025-02-08 16:35:12,login,0.0,Pogradec,Mobile_Android,34.18.153.224,0,normal
be6cc3e1,User_008,2025-02-08 16:52:22,login,0.0,Elbasan,Desktop_Mac,136.99.27.135,0,normal
51b413ac,User_001,2025-02-08 16:58:19,view_balance,0.0,Korçë,Tablet_Android,154.187.127.113,0,normal
31620ac0,User_009,2025-02-09 19:25:26,view_balance,0.0,Korçë,Tablet_iPad,28.98.51.89,0,normal
8cbb3955,User_013,2025-02-10 14:44:00,login,0.0,Kavajë,Tablet_Android,130.8.186.60,0,normal
6155ed68,User_008,2025-02-10 15:18:47,failed_login,0.0,Elbasan,Desktop_Mac,121.99.83.116,0,normal
5f28654d,User_017,2025-02-10 16:23:20,transfer,266.76,Shkodër,Mobile_Android,79.6.246.179,0,normal
34b2e348,User_019,2025-02-11 01:31:44,logout,0.0,Berat,Desktop_Windows,86.237.113.3,0,normal
535052da,User_005,2025-02-11 20:31:58,transfer,3961.27,Kavajë,Tablet_Android,220.160.2.132,1,fraud
69b14faf,User_017,2025-02-12 08:41:49,view_balance,0.0,Shkodër,Mobile_Android,8.154.157.28,0,normal
98b7c4b2,User_003,2025-02-13 00:41:51,change_password,0.0,Sarandë,Mobile_iOS,20.148.107.158,0,normal
d716d9b6,User_016,2025-02-13 07:23:16,transfer,4270.49,Elbasan,Mobile_Android,31.126.252.58,1,fraud
a40b68bc,User_008,2025-02-14 21:58:03,failed_login,0.0,Elbasan,Desktop_Mac,30.37.57.216,0,normal
66f30884,User_013,2025-02-15 02:05:17,payment,391.84,Kavajë,Tablet_Android,115.11.24.126,0,normal
23b8327b,User_002,2025-02-15 05:13:35,payment,159.99,Shkodër,Tablet_iPad,178.226.95.98,0,normal
72e89b4a,User_020,2025-02-16 00:56:45,transfer,642.3,Vlorë,Mobile_iOS,137.223.70.250,0,normal
d30e55c9,User_005,2025-02-16 06:03:32,view_balance,0.0,Kavajë,Tablet_Android,165.90.185.70,0,normal
9c5de49d,User_018,2025-02-16 08:48:13,transfer,511.55,Berat,Desktop_Windows,58.79.127.239,0,normal
9ec8259d,User_010,2025-02-16 12:54:21,failed_login,0.0,Pogradec,Mobile_Android,26.231.16.35,0,normal
1de2792a,User_018,2025-02-17 01:31:07,failed_login,0.0,Berat,Desktop_Windows,90.222.107.243,0,normal
fed32010,User_015,2025-02-18 03:03:13,login,0.0,Berat,Desktop_Mac,131.77.155.127,0,normal
65c648a9,User_008,2025-02-18 06:00:31,login,0.0,Elbasan,Desktop_Mac,46.144.236.174,0,normal
9845d11a,User_006,2025-02-18 13:48:07,login,0.0,Berat,Tablet_Android,135.119.158.90,0,normal
3602ae94,User_001,2025-02-18 14:51:37,transfer,632.79,Korçë,Tablet_Android,196.56.24.195,0,normal
a4e4b444,User_017,2025-02-19 07:03:01,payment,173.81,Shkodër,Mobile_Android,129.153.198.180,0,normal
63f0d958,User_013,2025-02-19 10:30:27,view_balance,0.0,Kavajë,Tablet_Android,11.174.136.146,0,normal
7dc5e63c,User_001,2025-02-20 12:12:03,logout,0.0,Korçë,Tablet_Android,111.197.47.161,0,normal
a579390a,User_005,2025-02-20 20:11:49,view_balance,0.0,Kavajë,Tablet_Android,188.95.100.218,0,normal
d08113dd,User_013,2025-02-20 20:18:41,failed_login,0.0,Kavajë,Tablet_Android,93.62.79.69,0,normal
9790ae5f,User_010,2025-02-21 14:36:19,failed_login,0.0,Pogradec,Mobile_Android,168.224.88.48,0,normal
42956e8b,User_005,2025-02-22 04:09:09,payment,172.83,Kavajë,Tablet_Android,194.242.13.119,0,normal
c181bbd0,User_007,2025-02-22 06:00:16,view_balance,0.0,Sarandë,Mobile_iOS,151.244.140.66,0,normal
77d297f6,User_010,2025-02-22 11:46:52,view_balance,0.0,Pogradec,Mobile_Android,77.196.188.180,0,normal
3314db3f,User_018,2025-02-22 23:14:21,view_balance,0.0,Berat,Desktop_Windows,187.236.185.25,0,normal
fc4df350,User_008,2025-02-23 14:36:02,failed_login,0.0,Elbasan,Desktop_Mac,216.91.223.249,0,normal
9b12efaf,User_011,2025-02-23 15:34:19,login,0.0,Berlin,Desktop_Mac,39.3.194.247,1,fraud
c38d1ceb,User_008,2025-02-23 19:19:31,view_balance,0.0,Elbasan,Desktop_Mac,70.46.28.145,0,normal
cd80ce2c,User_008,2025-02-24 08:46:14,failed_login,0.0,Elbasan,Desktop_Mac,222.227.90.202,0,normal
58b0edac,User_004,2025-02-25 00:00:46,logout,0.0,Lezhë,Desktop_Mac,114.3.200.194,0,normal
baf79251,User_008,2025-02-25 05:21:49,transfer,380.32,Elbasan,Desktop_Mac,172.151.10.157,0,normal
b2032aec,User_016,2025-02-26 01:09:33,failed_login,0.0,Elbasan,Mobile_Android,55.253.101.122,0,normal
1cf26119,User_016,2025-02-26 06:44:52,payment,125.15,Elbasan,Mobile_Android,65.88.160.22,0,normal
408a402e,User_001,2025-02-27 05:14:33,logout,0.0,Korçë,Tablet_Android,45.139.215.151,0,normal
1c014d65,User_002,2025-02-27 10:58:59,failed_login,0.0,Shkodër,Tablet_iPad,115.211.162.88,0,normal
8bd272e8,User_016,2025-02-28 10:14:11,payment,181.12,Elbasan,Mobile_Android,84.252.163.196,0,normal
3633f376,User_013,2025-02-28 14:51:16,payment,317.7,Kavajë,Tablet_Android,161.194.66.32,0,normal
ceb7e282,User_006,2025-02-28 17:17:03,login,0.0,Berat,Desktop_Mac,36.171.151.8,1,fraud
b47b44a0,User_016,2025-03-01 16:01:00,login,0.0,Elbasan,Mobile_Android,110.18.63.223,0,normal
0124c9eb,User_005,2025-03-02 09:49:02,login,0.0,Kavajë,Tablet_Android,85.63.102.180,0,normal
a662a81c,User_018,2025-03-02 11:05:25,failed_login,0.0,Berat,Desktop_Windows,215.21.112.169,0,normal
35c3461c,User_016,2025-03-02 16:25:35,failed_login,0.0,Elbasan,Mobile_Android,154.212.148.184,0,normal
c890216e,User_004,2025-03-02 18:42:01,view_balance,0.0,Lezhë,Desktop_Mac,218.159.32.133,0,normal
cae9b4fa,User_006,2025-03-03 01:14:10,view_balance,0.0,Berat,Tablet_Android,128.128.44.124,0,normal
7e446ded,User_013,2025-03-03 20:05:27,failed_login,0.0,Kavajë,Tablet_Android,130.199.228.88,0,normal
63747c7a,User_018,2025-03-04 04:51:34,payment,141.32,Berat,Desktop_Windows,30.38.190.68,0,normal
a17c44fe,User_014,2025-03-04 08:58:59,failed_login,0.0,Kavajë,Tablet_iPad,12.92.69.163,0,normal
48339943,User_005,2025-03-04 21:05:20,failed_login,0.0,Kavajë,Tablet_Android,192.91.234.4,0,normal
c5491645,User_002,2025-03-04 21:10:57,login,0.0,Shkodër,Tablet_iPad,214.53.97.106,0,normal
931f9d01,User_014,2025-03-05 01:59:53,view_balance,0.0,Kavajë,Tablet_iPad,50.236.3.200,0,normal
27f9cf22,User_015,2025-03-06 11:57:06,view_balance,0.0,Berat,Desktop_Mac,125.1.111.247,0,normal
ff1e348a,User_005,2025-03-06 12:20:25,logout,0.0,Kavajë,Tablet_Android,159.120.111.127,0,normal
21bd40e3,User_002,2025-03-06 18:25:24,logout,0.0,Shkodër,Tablet_iPad,155.25.23.5,0,normal
fa2a81da,User_016,2025-03-07 02:39:55,login,0.0,Elbasan,Mobile_Android,150.140.109.51,0,normal
707462a0,User_013,2025-03-07 08:20:01,failed_login,0.0,Kavajë,Tablet_Android,157.14.217.104,0,normal
abbff88d,User_019,2025-03-08 07:07:54,transfer,1248.17,Berat,Desktop_Windows,50.104.137.16,1,fraud
e79b249c,User_010,2025-03-08 08:44:17,login,0.0,Pogradec,Mobile_Android,70.102.23.197,0,normal
1d07c82c,User_008,2025-03-09 14:30:27,view_balance,0.0,Elbasan,Desktop_Mac,89.75.254.210,0,normal
94c8037a,User_005,2025-03-09 17:23:18,failed_login,0.0,Kavajë,Tablet_Android,68.46.150.56,0,normal
05ed19fb,User_020,2025-03-09 21:25:48,transfer,636.57,Vlorë,Mobile_iOS,75.165.72.181,0,normal
6a46bdbf,User_020,2025-03-10 01:05:52,transfer,472.82,Vlorë,Mobile_iOS,177.212.76.69,0,normal
b37a83d7,User_018,2025-03-10 02:22:25,logout,0.0,Berat,Desktop_Windows,198.151.35.25,0,normal
f2d74595,User_019,2025-03-10 04:19:48,payment,339.72,Berat,Desktop_Windows,73.57.215.163,0,normal
f6adcf24,User_013,2025-03-10 11:00:22,view_balance,0.0,Kavajë,Tablet_Android,26.16.134.72,0,normal
0ae2b7e9,User_018,2025-03-10 14:48:34,failed_login,0.0,Berat,Desktop_Windows,131.110.84.192,0,normal
943f08a9,User_013,2025-03-11 11:07:23,login,0.0,Kavajë,Mobile_iOS,2.230.67.139,1,fraud
195de392,User_008,2025-03-13 07:43:55,logout,0.0,Elbasan,Desktop_Mac,68.77.141.41,0,normal
3f23a7f6,User_008,2025-03-13 11:00:42,failed_login,0.0,Elbasan,Desktop_Mac,198.15.81.57,0,normal
6f4f8572,User_007,2025-03-13 12:31:58,login,0.0,Sarandë,Mobile_iOS,159.111.210.240,0,normal
be229368,User_001,2025-03-13 22:37:05,failed_login,0.0,Korçë,Tablet_Android,26.127.7.5,0,normal
684ea784,User_010,2025-03-13 23:15:48,logout,0.0,Pogradec,Mobile_Android,123.210.99.174,0,normal
6e5c93d6,User_020,2025-03-14 01:03:50,login,0.0,Vlorë,Mobile_iOS,144.254.115.90,1,fraud
b4d90f8d,User_004,2025-03-14 07:32:58,transfer,227.58,Lezhë,Desktop_Mac,59.113.242.177,0,normal
d75f139f,User_010,2025-03-14 12:45:41,view_balance,0.0,Pogradec,Mobile_Android,201.241.241.1,0,normal
40339865,User_003,2025-03-16 12:03:25,login,0.0,Sarandë,Mobile_iOS,41.113.135.17,0,normal
e95eda7a,User_020,2025-03-16 15:50:30,transfer,463.21,Vlorë,Mobile_iOS,49.25.91.90,0,normal
a618a6ce,User_018,2025-03-16 23:35:24,failed_login,0.0,Berat,Desktop_Windows,162.3.29.117,0,normal
06c6d842,User_015,2025-03-17 04:29:22,transfer,10953.56,Berat,Desktop_Mac,194.220.78.209,1,fraud
37c5bafc,User_008,2025-03-17 07:24:45,failed_login,0.0,Elbasan,Desktop_Mac,78.46.162.175,0,normal
01a38eac,User_009,2025-03-17 08:06:27,failed_login,0.0,Korçë,Tablet_iPad,199.191.48.248,0,normal
6601cf29,User_003,2025-03-17 18:18:44,payment,94.87,Sarandë,Mobile_iOS,219.46.21.11,0,normal
b3a4f77f,User_005,2025-03-18 13:30:53,logout,0.0,Kavajë,Tablet_Android,198.201.27.144,0,normal
4dc7e2ec,User_020,2025-03-19 00:13:33,payment,523.63,Vlorë,Mobile_iOS,26.253.113.54,0,normal
4d6d66e1,User_015,2025-03-19 10:38:08,failed_login,0.0,Berat,Desktop_Mac,17.47.67.194,0,normal
761c32f4,User_008,2025-03-20 13:49:51,login,0.0,Elbasan,Desktop_Mac,125.175.174.176,0,normal
51aee96c,User_007,2025-03-20 22:13:22,payment,379.69,Sarandë,Mobile_iOS,70.12.98.168,0,normal
26f975ae,User_011,2025-03-22 07:34:34,change_password,0.0,Vlorë,Desktop_Mac,112.108.176.251,0,normal
d6041e5a,User_001,2025-03-22 23:33:27,view_balance,0.0,Korçë,Tablet_Android,25.149.57.224,0,normal
b302560b,User_007,2025-03-23 03:01:13,change_password,0.0,Sarandë,Mobile_iOS,33.64.2.241,0,normal
77f3abde,User_004,2025-03-23 04:18:46,payment,267.73,Lezhë,Desktop_Mac,206.60.232.102,0,normal
f79f775e,User_019,2025-03-23 12:40:22,payment,344.57,Berat,Desktop_Windows,53.43.175.70,0,normal
3d3fc8df,User_014,2025-03-24 02:45:39,transfer,224.72,Kavajë,Tablet_iPad,17.197.241.43,0,normal
6f6902a9,User_015,2025-03-24 08:34:20,login,0.0,Berat,Desktop_Mac,129.167.197.60,0,normal
b182f085,User_003,2025-03-25 05:26:52,failed_login,0.0,Sarandë,Mobile_iOS,87.130.106.123,0,normal
2cdf6dd1,User_010,2025-03-25 14:49:51,logout,0.0,Pogradec,Mobile_Android,114.87.213.229,0,normal
92543331,User_015,2025-03-25 18:34:03,transfer,69.56,Berat,Desktop_Mac,162.54.225.96,0,normal
9a87c49d,User_014,2025-03-27 08:55:54,view_balance,0.0,Kavajë,Tablet_iPad,167.126.73.12,0,normal
04cb3098,User_009,2025-03-27 16:16:33,login,0.0,Korçë,Tablet_iPad,209.120.194.12,0,normal
dab65f82,User_010,2025-03-28 16:11:22,payment,236.59,Pogradec,Mobile_Android,124.150.226.144,0,normal
fbb0df8c,User_001,2025-03-28 22:27:31,view_balance,0.0,Korçë,Tablet_Android,149.49.143.54,0,normal
2955b32a,User_017,2025-03-29 01:39:14,view_balance,0.0,Shkodër,Mobile_Android,152.155.92.103,0,normal
b7699192,User_015,2025-03-29 11:12:21,view_balance,0.0,Berat,Desktop_Mac,25.86.238.13,0,normal
a19cf9c4,User_016,2025-03-30 07:44:52,view_balance,0.0,Elbasan,Mobile_Android,9.179.219.213,0,normal
f39b018b,User_018,2025-03-30 11:14:58,failed_login,0.0,Berat,Desktop_Windows,146.41.142.116,0,normal
ca0ce7f4,User_004,2025-03-30 12:41:24,view_balance,0.0,Lezhë,Desktop_Mac,72.95.89.104,0,normal
fd5a93b4,User_009,2025-03-31 01:49:05,transfer,320.4,Korçë,Tablet_iPad,55.158.7.245,0,normal
2d702e2c,User_001,2025-03-31 06:20:52,view_balance,0.0,Korçë,Tablet_Android,66.97.174.250,0,normal
b791f7fd,User_017,2025-03-31 07:28:25,view_balance,0.0,Shkodër,Mobile_Android,210.133.45.128,0,normal
268c0014,User_007,2025-03-31 13:57:49,failed_login,0.0,Sarandë,Mobile_iOS,24.51.37.251,0,normal
ac2d0bdd,User_008,2025-04-02 00:58:58,logout,0.0,Elbasan,Desktop_Mac,132.28.83.84,0,normal
ee96a316,User_015,2025-04-02 01:01:31,view_balance,0.0,Berat,Desktop_Mac,61.244.135.128,0,normal
b7ae7042,User_012,2025-04-02 20:46:15,failed_login,0.0,Korçë,Mobile_iOS,93.140.119.167,0,normal
0a4d25f4,User_019,2025-04-02 22:25:36,logout,0.0,Berat,Desktop_Windows,201.13.181.219,0,normal
2f663980,User_004,2025-04-03 08:26:25,failed_login,0.0,Lezhë,Desktop_Mac,170.103.145.113,0,normal
0187054d,User_001,2025-04-03 21:15:40,payment,648.78,Korçë,Tablet_Android,7.98.211.100,0,normal
af34188e,User_012,2025-04-05 10:03:58,login,0.0,Milan,Mobile_iOS,54.82.202.142,1,fraud
02e89f55,User_019,2025-04-05 20:31:01,transfer,8129.84,Berat,Desktop_Windows,57.163.33.29,1,fraud
7afc6dba,User_011,2025-04-06 03:03:16,transfer,831.01,Vlorë,Desktop_Windows,113.140.138.97,1,fraud
17c07990,User_013,2025-04-06 17:28:45,failed_login,0.0,Kavajë,Tablet_Android,163.201.171.225,0,normal
efd5cc94,User_018,2025-04-06 21:37:16,login,0.0,Berat,Desktop_Windows,59.17.101.189,0,normal
95354a45,User_016,2025-04-07 16:20:08,login,0.0,Elbasan,Mobile_Android,135.250.184.120,0,normal
e7cbb2c0,User_006,2025-04-08 00:09:20,login,0.0,Berat,Tablet_Android,35.151.117.24,0,normal
4fa84e6a,User_017,2025-04-08 08:34:00,login,0.0,Shkodër,Mobile_Android,19.34.17.124,0,normal
70620e27,User_006,2025-04-08 10:18:05,login,0.0,Berlin,Tablet_Android,107.224.9.128,1,fraud
6f8884d0,User_004,2025-04-08 12:27:00,login,0.0,Lezhë,Desktop_Mac,43.137.109.123,0,normal
db6831ed,User_006,2025-04-09 08:36:23,transfer,805.48,Berat,Tablet_Android,189.181.186.216,0,normal
6bb1f371,User_010,2025-04-09 10:10:20,transfer,1199.73,Pogradec,Mobile_iOS,97.70.85.80,1,fraud
07c3b0e2,User_005,2025-04-09 11:39:21,failed_login,0.0,Kavajë,Tablet_Android,160.26.158.113,0,normal
2fdb8edf,User_017,2025-04-09 17:39:21,view_balance,0.0,Shkodër,Mobile_Android,90.241.4.143,0,normal
3689d736,User_015,2025-04-10 03:17:48,login,0.0,Berat,Desktop_Mac,8.253.111.71,0,normal
229928e6,User_001,2025-04-10 12:22:44,login,0.0,Korçë,Tablet_Android,219.59.149.122,0,normal
9ca32617,User_002,2025-04-10 17:14:50,payment,144.25,Shkodër,Tablet_iPad,45.157.131.57,0,normal
22eb0a08,User_019,2025-04-11 03:46:03,view_balance,0.0,Berat,Desktop_Windows,174.67.65.21,0,normal
24a1ddca,User_017,2025-04-11 03:53:18,login,0.0,Shkodër,Mobile_Android,27.149.210.194,0,normal
1850a59a,User_008,2025-04-11 15:42:36,payment,559.45,Elbasan,Desktop_Mac,155.39.224.174,0,normal
1b78f81c,User_001,2025-04-12 05:20:47,view_balance,0.0,Korçë,Tablet_Android,189.101.171.97,0,normal
d3c59634,User_004,2025-04-12 10:32:23,payment,392.65,Lezhë,Desktop_Mac,185.166.244.167,0,normal
58fb4a8f,User_005,2025-04-12 16:00:24,logout,0.0,Kavajë,Tablet_Android,133.199.106.254,0,normal
ed8f67d8,User_008,2025-04-13 05:20:19,logout,0.0,Elbasan,Desktop_Mac,218.29.207.82,0,normal
a8c71f50,User_004,2025-04-13 07:16:36,view_balance,0.0,Lezhë,Desktop_Mac,198.8.159.213,0,normal
5d8dcfc6,User_020,2025-04-13 16:13:30,payment,315.84,Vlorë,Mobile_iOS,79.171.128.12,0,normal
9ba14f4f,User_009,2025-04-13 20:55:46,failed_login,0.0,Korçë,Tablet_iPad,80.240.31.80,1,fraud
4996d592,User_003,2025-04-14 02:31:41,view_balance,0.0,Sarandë,Mobile_iOS,20.160.232.48,0,normal
4ab5d120,User_008,2025-04-14 07:44:58,failed_login,0.0,Elbasan,Desktop_Mac,192.40.29.231,0,normal
3ce8bb69,User_013,2025-04-14 17:24:32,login,0.0,Kavajë,Tablet_Android,193.79.33.157,0,normal
a5f938ae,User_009,2025-04-16 01:03:18,login,0.0,Korçë,Tablet_iPad,188.231.117.23,1,fraud
509a4a70,User_010,2025-04-17 01:56:25,login,0.0,Pogradec,Mobile_Android,155.79.184.119,0,normal
79c90ca6,User_006,2025-04-17 06:48:59,payment,537.33,Berat,Tablet_Android,190.93.158.45,0,normal
40c6eb02,User_004,2025-04-18 03:25:10,login,0.0,Lezhë,Desktop_Mac,184.243.120.198,1,fraud
5904bd1e,User_011,2025-04-18 11:38:25,transfer,1558.87,Vlorë,Tablet_Android,172.58.27.225,1,fraud
3a848d7a,User_007,2025-04-18 14:24:36,logout,0.0,Sarandë,Mobile_iOS,62.225.69.230,0,normal
f5d35fd4,User_008,2025-04-18 18:11:07,failed_login,0.0,Elbasan,Desktop_Mac,154.210.249.4,0,normal
aa3355e8,User_020,2025-04-18 18:19:34,view_balance,0.0,Vlorë,Mobile_iOS,56.27.131.135,0,normal
59c2e475,User_007,2025-04-19 13:35:39,view_balance,0.0,Sarandë,Mobile_iOS,30.42.197.61,0,normal
15c4658b,User_011,2025-04-20 01:54:27,view_balance,0.0,Vlorë,Desktop_Mac,28.204.250.119,0,normal
3ae6c049,User_011,2025-04-20 07:28:29,login,0.0,Vlorë,Desktop_Mac,117.220.123.62,0,normal
85f44db4,User_004,2025-04-20 09:48:41,transfer,343.59,Lezhë,Desktop_Mac,2.105.13.72,0,normal
951795fb,User_003,2025-04-21 01:10:35,payment,94.13,Sarandë,Mobile_iOS,104.214.160.91,0,normal
b62243fd,User_011,2025-04-21 22:54:15,logout,0.0,Vlorë,Desktop_Mac,94.131.179.250,0,normal
9ffc1d45,User_006,2025-04-22 03:29:10,login,0.0,Berat,Tablet_Android,219.211.42.122,0,normal
31a7cf94,User_003,2025-04-22 22:16:00,payment,115.7,Sarandë,Mobile_iOS,151.124.27.163,0,normal
3252f2d0,User_014,2025-04-22 22:44:16,view_balance,0.0,Kavajë,Tablet_iPad,200.227.93.238,0,normal
93e6ec26,User_020,2025-04-23 00:11:57,transfer,357.85,Vlorë,Mobile_iOS,87.182.195.79,0,normal
e9125cd2,User_007,2025-04-23 04:48:55,login,0.0,Sarandë,Mobile_iOS,178.141.167.230,0,normal
a5f9ffdc,User_004,2025-04-23 12:49:04,logout,0.0,Lezhë,Desktop_Mac,142.233.115.75,0,normal
6bbbb5cc,User_016,2025-04-23 14:34:11,failed_login,0.0,Elbasan,Mobile_Android,171.0.158.173,1,fraud
c54af09c,User_020,2025-04-23 16:57:51,logout,0.0,Vlorë,Mobile_iOS,78.149.226.163,0,normal
37117351,User_017,2025-04-24 07:44:31,view_balance,0.0,Shkodër,Mobile_Android,37.40.47.50,0,normal
743df897,User_008,2025-04-24 10:36:14,login,0.0,Elbasan,Desktop_Mac,62.4.90.0,0,normal
827ac8ea,User_014,2025-04-24 15:54:18,view_balance,0.0,Kavajë,Tablet_iPad,196.162.142.93,0,normal
bb482f2d,User_011,2025-04-24 17:16:25,failed_login,0.0,Vlorë,Desktop_Mac,16.141.65.190,0,normal
8c56a428,User_018,2025-04-25 00:05:58,login,0.0,Berat,Desktop_Windows,87.89.226.236,0,normal
4fc9f4e8,User_010,2025-04-25 03:33:08,logout,0.0,Pogradec,Mobile_Android,87.238.252.44,0,normal
e2831d22,User_002,2025-04-25 08:06:03,view_balance,0.0,Shkodër,Tablet_iPad,95.26.119.184,0,normal
2c6434cc,User_017,2025-04-25 16:13:08,view_balance,0.0,Shkodër,Mobile_Android,123.125.11.185,0,normal
09879907,User_001,2025-04-26 10:48:07,change_password,0.0,Korçë,Tablet_Android,131.148.124.195,0,normal
1555b85e,User_017,2025-04-26 14:08:51,view_balance,0.0,Shkodër,Mobile_Android,55.156.61.151,0,normal
8c6e73cf,User_001,2025-04-26 20:31:22,transfer,714.69,Korçë,Tablet_Android,220.199.227.146,0,normal
789247ab,User_020,2025-04-26 21:20:32,transfer,842.72,Vlorë,Desktop_Windows,133.250.187.32,1,fraud
69e5c2cf,User_013,2025-04-26 22:09:58,logout,0.0,Kavajë,Tablet_Android,114.176.171.237,0,normal
a0ff23ae,User_015,2025-04-27 06:08:50,failed_login,0.0,Berat,Desktop_Mac,142.96.131.63,0,normal
9ee9b973,User_002,2025-04-27 11:04:33,view_balance,0.0,Shkodër,Tablet_iPad,99.223.163.130,0,normal
68b2cc54,User_002,2025-04-28 02:58:49,failed_login,0.0,Shkodër,Tablet_iPad,213.68.181.17,0,normal
4126e080,User_003,2025-04-28 13:15:09,payment,67.69,Sarandë,Mobile_iOS,47.182.49.91,0,normal
2d5a1f49,User_019,2025-04-28 14:27:23,view_balance,0.0,Berat,Desktop_Windows,33.205.211.33,0,normal
59a7daad,User_001,2025-04-29 02:05:36,failed_login,0.0,Korçë,Tablet_Android,168.93.26.29,0,normal
7f1c1cb2,User_001,2025-04-29 20:16:21,login,0.0,Korçë,Tablet_Android,108.220.130.161,0,normal
ca36bd79,User_019,2025-04-30 05:52:35,login,0.0,Berat,Desktop_Windows,174.14.70.84,0,normal
da33ce67,User_006,2025-04-30 20:29:02,logout,0.0,Berat,Tablet_Android,102.138.252.99,0,normal
e5bd1cdd,User_011,2025-05-01 00:42:18,view_balance,0.0,Vlorë,Desktop_Mac,195.63.242.154,0,normal
be463391,User_015,2025-05-01 21:46:55,failed_login,0.0,Berat,Desktop_Mac,130.139.32.159,0,normal
b90d05c9,User_007,2025-05-02 10:27:53,transfer,1949.33,Sarandë,Desktop_Windows,45.12.143.177,1,fraud
7a26361a,User_006,2025-05-02 11:33:31,failed_login,0.0,Berat,Tablet_Android,77.147.36.70,0,normal
53d99fb5,User_003,2025-05-02 22:38:48,transfer,60.73,Sarandë,Mobile_iOS,147.227.84.142,0,normal
1bf84a12,User_013,2025-05-03 02:58:04,login,0.0,Kavajë,Tablet_Android,106.60.138.253,1,fraud
2fbbac63,User_019,2025-05-03 05:15:01,login,0.0,Berat,Desktop_Windows,23.79.209.194,0,normal
f544ae55,User_001,2025-05-04 03:23:53,login,0.0,Milan,Tablet_Android,153.176.83.114,1,fraud
b3fbd3ed,User_020,2025-05-04 04:28:02,transfer,1865.0,Vlorë,Mobile_iOS,131.29.55.3,1,fraud
993128d8,User_010,2025-05-04 04:34:22,payment,253.81,Pogradec,Mobile_Android,197.0.171.126,0,normal
56123108,User_009,2025-05-04 05:15:28,failed_login,0.0,Korçë,Tablet_iPad,101.136.177.81,0,normal
c7bc0f1e,User_018,2025-05-04 09:29:18,change_password,0.0,Berat,Desktop_Windows,104.13.74.245,0,normal
b96470b5,User_019,2025-05-05 06:21:11,login,0.0,Berat,Desktop_Windows,23.208.119.35,0,normal
b779c186,User_010,2025-05-05 06:40:48,login,0.0,Pogradec,Mobile_Android,142.113.168.114,0,normal
61929ce5,User_001,2025-05-06 01:52:43,payment,804.35,Korçë,Tablet_Android,61.4.172.164,0,normal
7be5470c,User_004,2025-05-06 06:38:49,failed_login,0.0,Lezhë,Desktop_Mac,41.225.13.227,0,normal
41a349e4,User_010,2025-05-06 10:48:48,view_balance,0.0,Pogradec,Mobile_Android,163.72.133.164,0,normal
ff3ed266,User_002,2025-05-07 09:01:25,view_balance,0.0,Shkodër,Tablet_iPad,179.130.62.230,0,normal
d86c5c13,User_008,2025-05-07 09:48:27,payment,354.72,Elbasan,Desktop_Mac,213.170.105.186,0,normal
3ddb8f0a,User_020,2025-05-08 06:17:39,login,0.0,Vlorë,Mobile_iOS,138.243.239.128,0,normal
c5402001,User_003,2025-05-08 17:24:41,failed_login,0.0,Sarandë,Mobile_iOS,40.218.109.97,0,normal
5980b47e,User_007,2025-05-08 23:25:16,logout,0.0,Sarandë,Mobile_iOS,136.225.250.189,0,normal
e3c9a56c,User_009,2025-05-09 00:46:33,logout,0.0,Korçë,Tablet_iPad,194.182.240.132,0,normal
acb0e13a,User_009,2025-05-09 01:59:47,transfer,278.07,Korçë,Tablet_iPad,63.181.195.181,0,normal
cf13f701,User_019,2025-05-09 06:48:02,payment,348.6,Berat,Desktop_Windows,118.104.62.16,0,normal
3ec5bcb8,User_017,2025-05-09 10:39:41,payment,205.32,Shkodër,Mobile_Android,26.79.221.159,0,normal
3ab813da,User_015,2025-05-09 16:01:28,login,0.0,Berat,Desktop_Windows,192.115.176.254,1,fraud
c7172a72,User_016,2025-05-09 21:24:01,transfer,10245.56,Elbasan,Mobile_Android,83.97.122.113,1,fraud
aea31558,User_015,2025-05-09 22:02:13,login,0.0,Berat,Desktop_Mac,25.4.70.36,0,normal
0d079de1,User_011,2025-05-09 23:53:06,login,0.0,Vlorë,Desktop_Mac,61.10.41.149,0,normal
5b6fae61,User_007,2025-05-11 09:09:18,view_balance,0.0,Sarandë,Mobile_iOS,57.148.84.167,0,normal
77aceeeb,User_006,2025-05-14 02:06:50,transfer,542.46,Berat,Tablet_Android,2.114.143.17,0,normal
4de1652d,User_002,2025-05-14 11:17:29,logout,0.0,Shkodër,Tablet_iPad,165.151.230.132,0,normal
ce352729,User_020,2025-05-14 18:59:43,failed_login,0.0,Vlorë,Mobile_iOS,199.151.40.124,0,normal
5a041b88,User_020,2025-05-15 02:16:32,view_balance,0.0,Vlorë,Mobile_iOS,218.17.215.90,0,normal
bed192e3,User_004,2025-05-16 08:57:57,change_password,0.0,Lezhë,Desktop_Mac,118.170.66.201,0,normal
a499110f,User_019,2025-05-16 15:44:00,failed_login,0.0,Berat,Desktop_Windows,210.68.118.162,0,normal
899049a8,User_013,2025-05-16 22:15:12,login,0.0,Istanbul,Tablet_Android,202.40.118.139,1,fraud
5692d546,User_011,2025-05-17 01:11:34,login,0.0,Vlorë,Desktop_Mac,12.4.151.183,0,normal
d55f0032,User_012,2025-05-17 04:09:35,payment,592.13,Korçë,Mobile_iOS,57.236.12.160,0,normal
3bcb9b1d,User_016,2025-05-17 08:37:10,view_balance,0.0,Elbasan,Mobile_Android,147.198.103.176,0,normal
5232f015,User_004,2025-05-18 02:24:02,payment,565.87,Lezhë,Desktop_Mac,55.174.243.41,0,normal
2d68f413,User_012,2025-05-18 11:10:14,view_balance,0.0,Korçë,Mobile_iOS,187.109.80.32,0,normal
2c270e0a,User_004,2025-05-18 23:16:09,change_password,0.0,Lezhë,Desktop_Mac,131.230.186.146,0,normal
9ce0c97d,User_012,2025-05-19 04:24:17,view_balance,0.0,Korçë,Mobile_iOS,66.181.20.140,0,normal
fb669ec7,User_019,2025-05-19 06:42:30,change_password,0.0,Berat,Desktop_Windows,14.141.10.42,0,normal
5f82c8c0,User_003,2025-05-19 20:45:29,view_balance,0.0,Sarandë,Mobile_iOS,113.243.23.64,0,normal
38fe7bfe,User_015,2025-05-20 00:44:13,failed_login,0.0,Berat,Desktop_Mac,89.123.115.248,0,normal
3d616eb5,User_004,2025-05-20 04:36:42,view_balance,0.0,Lezhë,Desktop_Mac,211.226.43.110,0,normal
d3efe0fa,User_004,2025-05-20 23:41:22,transfer,301.53,Lezhë,Desktop_Mac,209.171.116.249,0,normal
2b556229,User_004,2025-05-21 05:57:13,transfer,1116.62,Lezhë,Desktop_Mac,26.226.219.133,1,fraud
660ded61,User_013,2025-05-21 17:31:31,change_password,0.0,Kavajë,Tablet_Android,104.22.182.40,0,normal
bdd73761,User_019,2025-05-21 21:00:33,login,0.0,Berat,Desktop_Windows,162.51.155.161,0,normal
fa14886a,User_003,2025-05-22 23:29:49,transfer,38.11,Sarandë,Mobile_iOS,79.242.221.81,0,normal
183aed0f,User_003,2025-05-24 12:22:27,failed_login,0.0,Sarandë,Mobile_iOS,110.137.73.184,0,normal
358ef29a,User_018,2025-05-26 01:03:29,failed_login,0.0,Berat,Desktop_Windows,175.67.210.66,0,normal
a70dd16e,User_016,2025-05-26 03:53:35,transfer,1370.46,Elbasan,Mobile_Android,158.30.24.80,1,fraud
97fd9f35,User_011,2025-05-26 14:11:08,change_password,0.0,Vlorë,Desktop_Mac,128.117.208.149,0,normal
b564ad98,User_001,2025-05-26 19:48:58,failed_login,0.0,Korçë,Tablet_Android,94.69.62.42,0,normal
b8e6c6b3,User_006,2025-05-26 20:41:35,payment,487.88,Berat,Tablet_Android,201.82.31.245,0,normal
05c52542,User_014,2025-05-27 10:12:45,logout,0.0,Kavajë,Tablet_iPad,55.190.167.22,0,normal
b8a72ea4,User_003,2025-05-27 13:58:19,login,0.0,Sarandë,Mobile_iOS,218.116.123.171,0,normal
b9abfdc5,User_001,2025-05-27 15:13:52,view_balance,0.0,Korçë,Tablet_Android,47.146.79.208,0,normal
879e9403,User_009,2025-05-27 19:28:21,view_balance,0.0,Korçë,Tablet_iPad,71.232.224.186,0,normal
df061065,User_005,2025-05-28 10:09:39,view_balance,0.0,Kavajë,Tablet_Android,134.148.43.176,0,normal
fb483577,User_004,2025-05-28 15:46:26,view_balance,0.0,Lezhë,Desktop_Mac,41.188.23.243,0,normal
a1e2d481,User_011,2025-05-28 23:14:47,failed_login,0.0,Vlorë,Desktop_Mac,143.6.121.199,0,normal
1a081488,User_018,2025-05-29 04:21:39,transfer,3022.61,Berat,Desktop_Windows,137.222.81.161,1,fraud
3c6db416,User_006,2025-05-29 07:53:53,view_balance,0.0,Berat,Tablet_Android,1.205.51.155,0,normal
ab4ecb38,User_015,2025-05-29 09:22:57,logout,0.0,Berat,Desktop_Mac,198.239.150.40,0,normal
31ddef27,User_019,2025-05-29 14:08:52,transfer,276.27,Berat,Desktop_Windows,109.80.161.180,0,normal
3293f820,User_017,2025-05-29 18:01:39,failed_login,0.0,Shkodër,Mobile_Android,156.204.97.210,0,normal
cd1aef54,User_011,2025-05-30 17:20:48,logout,0.0,Vlorë,Desktop_Mac,215.30.45.80,0,normal
27c7d607,User_018,2025-05-31 09:34:06,view_balance,0.0,Berat,Desktop_Windows,11.234.190.220,0,normal
42e96701,User_020,2025-06-01 03:20:29,transfer,467.26,Vlorë,Mobile_iOS,57.112.93.229,0,normal
d8208d39,User_003,2025-06-01 16:04:19,view_balance,0.0,Sarandë,Mobile_iOS,195.157.224.16,0,normal
d383db73,User_002,2025-06-02 06:51:03,logout,0.0,Shkodër,Tablet_iPad,148.78.156.20,0,normal
d948c806,User_011,2025-06-02 19:47:18,failed_login,0.0,Vlorë,Desktop_Mac,125.120.218.4,0,normal
0963e1fa,User_019,2025-06-02 21:57:57,login,0.0,Berat,Desktop_Windows,8.47.6.185,0,normal
f01ff997,User_002,2025-06-03 04:34:27,failed_login,0.0,Shkodër,Tablet_iPad,146.239.146.191,0,normal
b93d44ab,User_003,2025-06-03 04:37:20,login,0.0,Sarandë,Mobile_iOS,191.171.34.56,0,normal
87788477,User_006,2025-06-03 05:03:43,change_password,0.0,Berat,Tablet_Android,30.182.78.138,0,normal
ff935494,User_004,2025-06-03 05:45:11,transfer,2330.97,Lezhë,Tablet_Android,99.135.63.58,1,fraud
201121c5,User_010,2025-06-03 11:55:13,view_balance,0.0,Pogradec,Mobile_Android,146.100.106.230,0,normal
ad628818,User_012,2025-06-03 15:50:36,login,0.0,Korçë,Mobile_iOS,170.203.175.90,0,normal
6d06db57,User_005,2025-06-04 02:43:12,login,0.0,Kavajë,Tablet_Android,174.229.19.6,0,normal
c439d3c2,User_016,2025-06-04 20:22:23,failed_login,0.0,Elbasan,Mobile_Android,187.72.42.118,0,normal
995c2309,User_012,2025-06-05 20:07:57,logout,0.0,Korçë,Mobile_iOS,134.76.122.123,0,normal
9aa59784,User_009,2025-06-06 01:33:27,payment,361.58,Korçë,Tablet_iPad,45.203.225.198,0,normal
7b40d146,User_017,2025-06-07 11:34:10,failed_login,0.0,Shkodër,Mobile_Android,203.41.2.41,0,normal
ca36de45,User_010,2025-06-07 13:05:02,change_password,0.0,Pogradec,Mobile_Android,145.0.31.86,0,normal
41c59d10,User_010,2025-06-07 17:01:48,failed_login,0.0,Pogradec,Mobile_Android,5.2.158.210,0,normal
5571c2e5,User_002,2025-06-07 17:18:30,login,0.0,Shkodër,Tablet_iPad,26.76.0.3,0,normal
8f40bc78,User_006,2025-06-09 10:01:59,payment,661.46,Berat,Tablet_Android,17.70.138.31,0,normal
ef028fd3,User_015,2025-06-09 10:09:08,payment,74.5,Berat,Desktop_Mac,79.226.92.80,0,normal
79c950d7,User_014,2025-06-09 14:15:53,view_balance,0.0,Kavajë,Tablet_iPad,143.68.82.0,0,normal
acc45be7,User_002,2025-06-09 19:23:11,payment,205.67,Shkodër,Tablet_iPad,217.215.39.223,0,normal
10c9676a,User_009,2025-06-10 03:32:13,transfer,387.87,Korçë,Tablet_iPad,121.176.23.197,0,normal
4790d887,User_020,2025-06-10 09:39:31,failed_login,0.0,Vlorë,Mobile_iOS,71.82.40.28,0,normal
ec0d4f4a,User_005,2025-06-10 16:50:13,view_balance,0.0,Kavajë,Tablet_Android,27.90.185.224,0,normal
45f87d6c,User_013,2025-06-11 03:27:37,failed_login,0.0,Kavajë,Tablet_Android,198.55.221.156,0,normal
6943c4c4,User_015,2025-06-11 22:30:49,transfer,2195.43,Berat,Desktop_Mac,98.50.19.98,1,fraud
d42ff456,User_002,2025-06-12 04:04:00,change_password,0.0,Shkodër,Tablet_iPad,158.241.159.135,0,normal
16fb8769,User_013,2025-06-12 15:05:18,change_password,0.0,Kavajë,Tablet_Android,56.245.138.142,0,normal
31772954,User_001,2025-06-13 13:00:45,failed_login,0.0,Korçë,Tablet_Android,146.120.152.143,0,normal
43cec653,User_013,2025-06-14 05:23:01,login,0.0,Kavajë,Tablet_Android,61.8.136.89,0,normal
0b4ebf8f,User_019,2025-06-14 06:20:07,login,0.0,Berat,Desktop_Windows,9.4.85.110,0,normal
c8f5483a,User_014,2025-06-14 21:20:13,transfer,111.51,Kavajë,Tablet_iPad,91.207.228.131,0,normal
2e119c4b,User_011,2025-06-14 21:57:03,transfer,3360.26,Vlorë,Desktop_Mac,80.237.31.185,1,fraud
01b74e23,User_017,2025-06-15 02:47:13,transfer,2214.46,Shkodër,Mobile_Android,25.68.253.126,1,fraud
KA_E001,Klienti_A,2025-06-15 10:00:00,login,0.0,Tiranë,Desktop_Windows,192.168.1.100,0,klienti_a
KA_E002,Klienti_A,2025-06-15 13:00:00,login,0.0,Rome,Desktop_Windows,89.96.123.45,1,klienti_a
KA_E003,Klienti_A,2025-06-15 13:15:00,transfer,5000.0,Rome,Desktop_Windows,89.96.123.45,1,klienti_a
592c99a2,User_004,2025-06-16 01:55:27,payment,418.79,Lezhë,Desktop_Mac,85.88.54.200,0,normal
379dbdb2,User_014,2025-06-17 16:01:24,login,0.0,Kavajë,Tablet_iPad,143.105.193.93,0,normal
81ef9e82,User_019,2025-06-17 18:52:00,transfer,227.01,Berat,Desktop_Windows,196.86.90.96,0,normal
ebc38874,User_020,2025-06-19 05:14:53,view_balance,0.0,Vlorë,Mobile_iOS,135.84.208.210,0,normal
777e41c6,User_017,2025-06-19 19:37:24,view_balance,0.0,Shkodër,Mobile_Android,43.244.208.48,0,normal
1d8f6b50,User_002,2025-06-20 12:22:04,transfer,5845.73,Shkodër,Tablet_iPad,179.101.219.219,1,fraud
76ffe332,User_013,2025-06-20 20:29:20,login,0.0,Kavajë,Tablet_Android,160.107.168.205,0,normal
89038ba7,User_003,2025-06-21 00:52:08,failed_login,0.0,Sarandë,Mobile_iOS,220.183.152.78,0,normal
aa86c5bf,User_010,2025-06-21 01:12:39,failed_login,0.0,Pogradec,Mobile_Android,180.249.109.229,0,normal
a849b871,User_002,2025-06-21 05:41:24,transfer,2665.73,Shkodër,Desktop_Windows,3.24.5.64,1,fraud
4a8b4782,User_018,2025-06-22 03:16:34,transfer,355.84,Berat,Desktop_Windows,195.225.74.103,0,normal
ff870dc8,User_019,2025-06-22 03:29:54,view_balance,0.0,Berat,Desktop_Windows,221.37.17.210,0,normal
9df99f3f,User_019,2025-06-22 11:04:05,failed_login,0.0,Berat,Desktop_Windows,147.41.5.122,0,normal
ca156df7,User_012,2025-06-22 12:46:20,login,0.0,Korçë,Mobile_iOS,163.11.235.69,0,normal
76f73fe0,User_017,2025-06-22 17:01:12,failed_login,0.0,Shkodër,Mobile_Android,95.253.51.177,0,normal
ebb7dfba,User_001,2025-06-22 20:57:45,logout,0.0,Korçë,Tablet_Android,186.163.254.16,0,normal
b4861bdc,User_013,2025-06-23 02:09:37,view_balance,0.0,Kavajë,Tablet_Android,47.51.177.219,0,normal
09258320,User_009,2025-06-23 17:25:48,failed_login,0.0,Korçë,Tablet_iPad,83.74.116.106,0,normal
5c2dd19f,User_009,2025-06-24 00:32:18,view_balance,0.0,Korçë,Tablet_iPad,38.87.96.190,0,normal
80ae2fd4,User_005,2025-06-24 04:11:36,change_password,0.0,Kavajë,Tablet_Android,119.111.114.37,0,normal
92e805d6,User_008,2025-06-24 09:00:28,view_balance,0.0,Elbasan,Desktop_Mac,171.87.86.90,0,normal
d4965f77,User_012,2025-06-24 12:54:00,transfer,584.75,Korçë,Mobile_iOS,62.112.180.185,0,normal
d770eb40,User_016,2025-06-24 16:39:27,failed_login,0.0,Elbasan,Mobile_Android,178.183.247.210,0,normal
29750eeb,User_014,2025-06-24 17:01:53,payment,230.57,Kavajë,Tablet_iPad,49.212.161.234,0,normal
47b05730,User_006,2025-06-25 05:16:09,login,0.0,Berat,Tablet_Android,97.25.187.221,0,normal
eba18a8b,User_006,2025-06-25 19:11:42,failed_login,0.0,Berat,Tablet_Android,76.196.29.29,0,normal
0edefcef,User_005,2025-06-25 19:55:11,view_balance,0.0,Kavajë,Tablet_Android,77.66.16.252,0,normal
1ef43960,User_018,2025-06-26 18:31:40,payment,346.17,Berat,Desktop_Windows,13.117.174.210,0,normal
298ddcb2,User_002,2025-06-27 11:50:25,payment,150.96,Shkodër,Tablet_iPad,165.132.79.159,0,normal
ce976b63,User_010,2025-06-27 17:16:23,failed_login,0.0,Pogradec,Mobile_Android,23.233.99.78,0,normal
a6353167,User_001,2025-06-27 20:03:41,login,0.0,Korçë,Tablet_Android,179.55.90.245,0,normal
86c2e56a,User_015,2025-06-27 22:43:37,login,0.0,Berat,Desktop_Mac,2.195.164.75,0,normal
7c3f99bd,User_012,2025-06-28 04:16:57,login,0.0,Korçë,Mobile_iOS,111.183.12.59,0,normal
cc8fe26e,User_001,2025-06-28 10:36:11,payment,529.34,Korçë,Tablet_Android,115.218.156.42,0,normal
8a169be2,User_009,2025-06-28 19:36:41,view_balance,0.0,Korçë,Tablet_iPad,155.214.16.176,0,normal
516c70a6,User_006,2025-06-29 01:58:55,payment,393.7,Berat,Tablet_Android,10.30.138.198,0,normal
d58960aa,User_019,2025-06-30 03:50:25,login,0.0,Berat,Desktop_Windows,2.196.113.186,0,normal
a861872b,User_020,2025-06-30 17:03:00,logout,0.0,Vlorë,Mobile_iOS,218.221.74.246,0,normal
5d3d794e,User_020,2025-06-30 17:23:58,login,0.0,Vlorë,Mobile_iOS,165.114.7.36,0,normal
a3782798,User_015,2025-06-30 21:51:57,payment,0.0,Berlin,Desktop_Mac,141.69.22.36,1,fraud
c379ed69,User_010,2025-06-30 23:33:08,logout,0.0,Pogradec,Mobile_Android,49.214.13.158,0,normal
29283e9b,User_012,2025-06-30 23:59:57,view_balance,0.0,Korçë,Mobile_iOS,120.167.190.116,0,normal
37a14729,User_009,2025-07-01 09:21:18,view_balance,0.0,Korçë,Tablet_iPad,166.202.192.40,0,normal
64eed5ae,User_004,2025-07-01 22:56:00,failed_login,0.0,Lezhë,Desktop_Mac,208.203.12.199,0,normal
42c52056,User_008,2025-07-02 08:24:39,payment,706.52,Elbasan,Desktop_Mac,223.130.194.81,0,normal
32f25d57,User_007,2025-07-02 08:38:12,view_balance,0.0,Sarandë,Mobile_iOS,212.87.92.33,0,normal
2571e812,User_017,2025-07-02 22:31:09,view_balance,0.0,Shkodër,Mobile_Android,69.118.156.23,0,normal
9244d07d,User_001,2025-07-03 02:53:18,logout,0.0,Korçë,Tablet_Android,12.95.242.200,0,normal
5dca6c33,User_009,2025-07-03 11:30:23,transfer,380.68,Korçë,Tablet_iPad,42.93.170.172,0,normal
d73c1b91,User_013,2025-07-03 14:30:59,failed_login,0.0,Kavajë,Tablet_Android,38.21.226.235,0,normal
8687a426,User_003,2025-07-03 14:34:18,logout,0.0,Sarandë,Mobile_iOS,81.153.220.179,0,normal
5d711f73,User_011,2025-07-03 16:37:23,payment,76.65,Vlorë,Desktop_Mac,151.89.105.16,0,normal
d9c22505,User_012,2025-07-04 15:55:43,failed_login,0.0,Korçë,Mobile_iOS,183.0.191.32,0,normal
68a35579,User_019,2025-07-05 02:55:39,view_balance,0.0,Berat,Desktop_Windows,78.204.252.246,0,normal
e2bf4035,User_010,2025-07-05 15:07:00,view_balance,0.0,Pogradec,Mobile_Android,192.111.153.73,0,normal
f827ab0b,User_008,2025-07-05 17:27:27,payment,344.98,Elbasan,Desktop_Mac,85.183.34.65,0,normal
eb0d538d,User_019,2025-07-05 21:11:02,view_balance,0.0,Berat,Desktop_Windows,172.216.36.195,0,normal
4713ccdb,User_016,2025-07-05 22:51:03,login,0.0,Elbasan,Mobile_Android,56.36.53.165,0,normal
e00059a0,User_015,2025-07-06 12:38:36,payment,52.69,Berat,Desktop_Mac,163.150.126.96,0,normal
e042d96e,User_010,2025-07-06 14:29:40,login,0.0,Pogradec,Mobile_Android,212.250.130.182,0,normal
fc46c087,User_007,2025-07-06 18:21:27,failed_login,0.0,Sarandë,Mobile_iOS,86.3.94.220,0,normal
5e924d2a,User_013,2025-07-06 18:48:35,login,0.0,Kavajë,Tablet_Android,188.196.139.127,0,normal
8d3abcf4,User_011,2025-07-06 20:50:53,view_balance,0.0,Vlorë,Desktop_Mac,207.47.144.23,0,normal
6d60e31f,User_014,2025-07-06 23:39:28,payment,259.86,Kavajë,Tablet_iPad,93.74.159.73,0,normal
0db98a80,User_003,2025-07-07 02:04:26,failed_login,0.0,Sarandë,Mobile_iOS,160.109.37.145,1,fraud
5fefc3d8,User_006,2025-07-07 06:04:42,failed_login,0.0,Berat,Tablet_Android,7.83.129.113,0,normal
c7b78ec1,User_005,2025-07-07 08:00:35,view_balance,0.0,Kavajë,Tablet_Android,29.196.49.97,0,normal
57facae2,User_014,2025-07-07 12:44:31,login,0.0,Kavajë,Tablet_iPad,169.55.11.192,0,normal
4750d926,User_013,2025-07-07 21:27:51,login,0.0,Kavajë,Desktop_Windows,194.233.1.23,1,fraud
5b02acc2,User_011,2025-07-08 17:26:54,failed_login,0.0,Vlorë,Desktop_Mac,31.235.182.44,0,normal
cf8b0b19,User_007,2025-07-09 00:00:56,view_balance,0.0,Sarandë,Mobile_iOS,193.193.207.66,0,normal
164f47c0,User_016,2025-07-09 03:44:25,login,0.0,Elbasan,Desktop_Windows,148.1.90.3,1,fraud
50584d98,User_005,2025-07-09 19:24:40,transfer,185.49,Kavajë,Tablet_Android,132.39.246.59,0,normal
b1d54a16,User_011,2025-07-10 20:51:54,login,0.0,Vlorë,Desktop_Mac,53.84.236.191,0,normal
96c43ec9,User_006,2025-07-11 01:37:49,view_balance,0.0,Berat,Tablet_Android,63.37.159.222,0,normal
a5dbb917,User_007,2025-07-11 04:21:28,payment,300.12,Sarandë,Mobile_iOS,217.140.220.21,0,normal
b478a3ec,User_005,2025-07-11 05:09:39,transfer,103.11,Kavajë,Tablet_Android,18.117.216.110,0,normal
67c7090d,User_011,2025-07-11 18:49:16,failed_login,0.0,Vlorë,Desktop_Mac,16.255.47.160,0,normal
52c9ea5e,User_004,2025-07-11 21:16:08,transfer,384.54,Lezhë,Desktop_Mac,161.191.144.226,0,normal
450f04f1,User_009,2025-07-12 16:21:33,view_balance,0.0,Korçë,Tablet_iPad,71.76.54.100,0,normal
e4c7a8f6,User_012,2025-07-13 23:33:26,view_balance,0.0,Korçë,Mobile_iOS,78.246.240.39,0,normal
1fdd9d75,User_009,2025-07-14 01:11:41,failed_login,0.0,Korçë,Tablet_iPad,145.147.1.43,0,normal
57e392ef,User_002,2025-07-14 22:54:11,failed_login,0.0,Shkodër,Tablet_iPad,19.179.94.203,0,normal
31e53251,User_009,2025-07-15 03:27:07,failed_login,0.0,Korçë,Tablet_iPad,186.214.193.95,0,normal
dffa3761,User_007,2025-07-15 05:44:31,view_balance,0.0,Sarandë,Mobile_iOS,186.226.183.173,0,normal
5d2ae3c5,User_007,2025-07-15 07:12:44,failed_login,0.0,Sarandë,Mobile_iOS,141.187.133.144,0,normal
a99f3edc,User_006,2025-07-16 04:37:02,view_balance,0.0,Berat,Tablet_Android,64.241.202.234,0,normal
3c9498e1,User_014,2025-07-17 11:15:16,login,0.0,Kavajë,Desktop_Mac,52.98.203.200,1,fraud
63d068eb,User_020,2025-07-17 20:23:32,payment,420.03,Vlorë,Mobile_iOS,34.122.118.194,0,normal
00c8d9d6,User_002,2025-07-17 21:10:47,change_password,0.0,Shkodër,Tablet_iPad,109.175.48.85,0,normal
c10d28d5,User_008,2025-07-19 01:25:47,transfer,3971.8,Elbasan,Desktop_Mac,191.95.214.34,1,fraud
11ed9ae2,User_006,2025-07-19 17:02:53,logout,0.0,Berat,Tablet_Android,134.89.215.193,0,normal
fe3ab7b0,User_006,2025-07-19 22:07:56,change_password,0.0,Berat,Tablet_Android,111.31.44.232,0,normal
080fb4ea,User_020,2025-07-19 22:10:04,transfer,730.42,Vlorë,Tablet_Android,109.102.227.203,1,fraud
accaa1f5,User_013,2025-07-19 22:42:00,login,0.0,Kavajë,Tablet_Android,120.237.104.77,0,normal
efa9661b,User_013,2025-07-20 01:52:08,login,0.0,Kavajë,Tablet_Android,45.115.162.16,0,normal
e1eba785,User_007,2025-07-20 19:59:00,failed_login,0.0,Sarandë,Mobile_iOS,115.10.199.215,0,normal
a5dd1523,User_009,2025-07-21 01:50:10,view_balance,0.0,Korçë,Tablet_iPad,119.29.121.102,0,normal
64e2ec9e,User_005,2025-07-21 02:05:47,login,0.0,Kavajë,Tablet_Android,92.198.46.91,1,fraud
93eabe23,User_007,2025-07-21 05:45:03,logout,0.0,Sarandë,Mobile_iOS,222.74.29.195,0,normal
21f9c103,User_007,2025-07-21 17:18:35,login,0.0,Sarandë,Mobile_iOS,36.189.195.37,0,normal
ab59f411,User_017,2025-07-21 20:49:06,view_balance,0.0,Shkodër,Mobile_Android,194.204.125.143,0,normal
c278e94e,User_004,2025-07-22 18:14:03,failed_login,0.0,Lezhë,Desktop_Mac,104.57.243.162,0,normal
ea470ff1,User_018,2025-07-23 07:07:49,view_balance,0.0,Berat,Desktop_Windows,181.61.145.201,0,normal
ad45f8d7,User_009,2025-07-23 16:14:56,login,0.0,Korçë,Tablet_iPad,154.74.176.78,0,normal
a89879fb,User_015,2025-07-24 15:48:52,login,0.0,Berat,Desktop_Mac,94.60.179.154,0,normal
537ed7f0,User_020,2025-07-24 16:53:35,payment,333.85,Vlorë,Mobile_iOS,213.10.72.112,0,normal
c952fa62,User_004,2025-07-24 22:07:17,payment,145.51,Lezhë,Desktop_Mac,160.245.174.157,0,normal
89570631,User_011,2025-07-25 06:54:46,payment,55.34,Vlorë,Desktop_Mac,113.78.65.128,0,normal
ef34e1da,User_016,2025-07-25 15:58:46,failed_login,0.0,Elbasan,Mobile_Android,160.230.20.188,0,normal
55c4e12a,User_002,2025-07-25 19:17:09,failed_login,0.0,Shkodër,Tablet_iPad,83.175.233.112,0,normal
e112f31a,User_008,2025-07-26 20:29:45,transfer,471.96,Elbasan,Desktop_Mac,124.58.188.18,0,normal
a97833d0,User_003,2025-07-26 20:42:31,view_balance,0.0,Sarandë,Mobile_iOS,208.155.174.10,0,normal
1448886d,User_003,2025-07-27 04:20:09,payment,88.92,Sarandë,Mobile_iOS,35.15.56.161,0,normal
cfc33337,User_013,2025-07-27 08:11:43,view_balance,0.0,Kavajë,Tablet_Android,211.196.178.183,0,normal
8a4814a2,User_003,2025-07-27 13:29:51,transfer,3710.92,Vienna,Mobile_iOS,209.254.53.83,1,fraud
b441d218,User_012,2025-07-27 17:03:37,login,0.0,Korçë,Mobile_iOS,173.57.96.44,0,normal
d185b56d,User_006,2025-07-28 02:33:22,payment,506.7,Berat,Tablet_Android,144.239.246.76,0,normal
d03f398f,User_001,2025-07-28 10:31:41,failed_login,0.0,Korçë,Tablet_Android,207.81.181.120,0,normal
4c4b3f3e,User_018,2025-07-28 13:13:49,login,0.0,Berat,Desktop_Windows,6.145.215.76,0,normal
3d7fa36b,User_012,2025-07-28 13:13:56,failed_login,0.0,Korçë,Mobile_iOS,189.71.53.84,0,normal
e5b491b7,User_008,2025-07-28 19:51:54,failed_login,0.0,Elbasan,Desktop_Mac,111.26.63.173,0,normal
10316883,User_015,2025-07-28 21:37:34,transfer,2463.42,Rome,Desktop_Mac,129.240.52.69,1,fraud
40061416,User_013,2025-07-29 00:15:44,view_balance,0.0,Kavajë,Tablet_Android,188.73.141.54,0,normal
d8dec8f4,User_013,2025-07-29 04:12:35,failed_login,0.0,Kavajë,Tablet_Android,81.125.67.20,0,normal
ae2a04f7,User_008,2025-07-29 09:59:19,view_balance,0.0,Elbasan,Desktop_Mac,213.14.34.230,0,normal
e0ae785a,User_017,2025-07-29 16:40:09,transfer,2670.42,Shkodër,Desktop_Windows,3.233.218.21,1,fraud
78f48434,User_014,2025-07-29 18:53:08,view_balance,0.0,Kavajë,Tablet_iPad,201.115.99.248,0,normal
33b972f3,User_003,2025-07-30 11:28:58,logout,0.0,Sarandë,Mobile_iOS,13.197.8.114,0,normal
06e5ed37,User_019,2025-07-30 16:44:28,payment,255.1,Berat,Desktop_Windows,115.23.15.67,0,normal
4053db51,User_020,2025-08-01 11:31:50,failed_login,0.0,Vlorë,Mobile_iOS,79.80.166.79,0,normal
7c4750f7,User_008,2025-08-01 15:44:17,view_balance,0.0,Elbasan,Desktop_Mac,133.144.103.224,0,normal
f064470e,User_005,2025-08-01 16:30:24,view_balance,0.0,Kavajë,Tablet_Android,96.250.46.223,0,normal
0b72dab4,User_004,2025-08-02 06:42:53,login,0.0,Lezhë,Desktop_Mac,60.50.191.118,0,normal
56dde226,User_010,2025-08-02 16:03:47,transfer,161.87,Pogradec,Mobile_Android,172.157.37.36,0,normal
692e153e,User_011,2025-08-02 18:23:40,logout,0.0,Vlorë,Desktop_Mac,102.20.222.127,0,normal
9743199f,User_017,2025-08-03 04:53:15,failed_login,0.0,Shkodër,Mobile_Android,162.183.14.82,0,normal
80ced131,User_003,2025-08-03 13:55:54,failed_login,0.0,Sarandë,Mobile_iOS,52.0.98.222,0,normal
db09af95,User_014,2025-08-04 01:44:25,login,0.0,Kavajë,Tablet_iPad,205.162.82.165,0,normal
38dfdba8,User_009,2025-08-04 07:06:35,view_balance,0.0,Korçë,Tablet_iPad,73.43.8.76,0,normal
d79c0ea0,User_018,2025-08-04 13:33:57,failed_login,0.0,Berat,Desktop_Windows,85.80.137.247,1,fraud
3a1cc840,User_017,2025-08-05 01:25:46,failed_login,0.0,Shkodër,Mobile_Android,28.254.181.192,1,fraud
ade6989d,User_002,2025-08-05 17:28:56,view_balance,0.0,Shkodër,Tablet_iPad,126.141.115.19,0,normal
d2a9378f,User_012,2025-08-06 03:25:39,failed_login,0.0,Korçë,Mobile_iOS,179.164.100.156,0,normal
a3568283,User_008,2025-08-06 09:16:01,failed_login,0.0,Elbasan,Desktop_Mac,41.159.183.115,0,normal
fce3af3c,User_018,2025-08-06 11:33:09,failed_login,0.0,Berat,Desktop_Windows,183.214.39.114,0,normal
fa00b27a,User_014,2025-08-06 12:26:08,login,0.0,Kavajë,Tablet_iPad,47.193.254.5,0,normal
bac40cd3,User_005,2025-08-06 22:13:38,login,0.0,Kavajë,Tablet_Android,149.198.170.29,0,normal
404337a9,User_008,2025-08-07 12:22:45,view_balance,0.0,Elbasan,Desktop_Mac,181.146.39.79,0,normal
5cad0418,User_009,2025-08-07 16:11:06,transfer,347.23,Korçë,Tablet_iPad,217.237.107.25,0,normal
0ed3721e,User_004,2025-08-07 16:11:21,view_balance,0.0,Lezhë,Desktop_Mac,24.187.226.214,0,normal
9320cdba,User_014,2025-08-07 17:27:50,view_balance,0.0,Kavajë,Tablet_iPad,94.167.163.187,0,normal
6a9e28a3,User_014,2025-08-08 04:46:48,transfer,186.62,Kavajë,Tablet_iPad,106.149.180.113,0,normal
c5fed7ef,User_009,2025-08-08 05:28:57,failed_login,0.0,Korçë,Tablet_iPad,65.77.40.64,0,normal
1305b37b,User_009,2025-08-09 03:04:10,view_balance,0.0,Korçë,Tablet_iPad,11.26.58.196,0,normal
71129413,User_020,2025-08-09 19:35:59,failed_login,0.0,Vlorë,Mobile_iOS,139.54.83.46,0,normal
06a150e6,User_018,2025-08-10 05:50:03,logout,0.0,Berat,Desktop_Windows,216.238.151.139,0,normal
be50634e,User_012,2025-08-10 16:47:46,payment,381.67,Korçë,Mobile_iOS,56.252.171.137,0,normal
1dfff6ec,User_013,2025-08-11 02:29:05,payment,296.57,Kavajë,Tablet_Android,29.199.237.7,0,normal
8a7d25eb,User_007,2025-08-11 04:34:22,view_balance,0.0,Sarandë,Mobile_iOS,142.186.51.36,0,normal
b31bce74,User_017,2025-08-11 07:39:24,failed_login,0.0,Shkodër,Mobile_Android,15.249.211.230,0,normal
62abc847,User_020,2025-08-11 09:57:18,view_balance,0.0,Vlorë,Mobile_iOS,159.69.80.225,0,normal
5d276f7e,User_018,2025-08-12 14:48:10,view_balance,0.0,Berat,Desktop_Windows,18.105.141.146,0,normal
2d93bf7a,User_007,2025-08-12 18:54:48,login,0.0,Sarandë,Tablet_Android,56.76.232.211,1,fraud
1da37271,User_006,2025-08-12 20:24:32,view_balance,0.0,Berat,Tablet_Android,104.203.211.192,0,normal
9aa2c11d,User_002,2025-08-14 03:16:34,payment,188.7,Shkodër,Tablet_iPad,208.220.232.191,0,normal
e171ce33,User_020,2025-08-14 13:35:32,logout,0.0,Vlorë,Mobile_iOS,50.24.14.204,0,normal
9f25d6c2,User_018,2025-08-14 14:31:57,view_balance,0.0,Berat,Desktop_Windows,185.67.38.160,0,normal
5140d918,User_001,2025-08-15 04:46:13,failed_login,0.0,Korçë,Tablet_Android,181.27.237.216,0,normal
00e2e0ff,User_012,2025-08-15 10:33:15,logout,0.0,Korçë,Mobile_iOS,133.132.141.242,0,normal
97dabafa,User_014,2025-08-15 11:40:59,failed_login,0.0,Kavajë,Tablet_iPad,145.29.221.16,0,normal
4cec4773,User_011,2025-08-15 12:56:48,login,0.0,Vlorë,Desktop_Mac,65.246.73.51,0,normal
aa667389,User_019,2025-08-15 19:42:16,payment,406.71,Berat,Desktop_Windows,32.6.166.162,0,normal
bfc4515e,User_008,2025-08-15 21:33:54,view_balance,0.0,Elbasan,Desktop_Mac,139.35.67.145,0,normal
481e1fe1,User_011,2025-08-16 05:00:19,payment,69.14,Vlorë,Desktop_Mac,52.194.176.113,0,normal
a748d11e,User_020,2025-08-16 08:37:47,payment,498.6,Vlorë,Mobile_iOS,198.22.204.184,0,normal
5b65f5e3,User_014,2025-08-16 10:51:14,failed_login,0.0,Kavajë,Tablet_iPad,208.9.109.245,0,normal
4c12abfd,User_006,2025-08-17 00:52:21,logout,0.0,Berat,Tablet_Android,204.140.226.117,0,normal
3a23f7e9,User_009,2025-08-17 13:59:29,failed_login,0.0,Korçë,Tablet_iPad,91.27.221.140,0,normal
d5616da4,User_014,2025-08-17 21:04:54,payment,197.19,Kavajë,Tablet_iPad,213.206.194.81,0,normal
b42b56b7,User_013,2025-08-18 17:01:07,logout,0.0,Kavajë,Tablet_Android,76.230.221.234,0,normal
6b4a885d,User_020,2025-08-19 00:52:15,view_balance,0.0,Vlorë,Mobile_iOS,46.208.129.177,0,normal
7d764cf0,User_001,2025-08-19 03:28:37,change_password,0.0,Korçë,Tablet_Android,73.138.26.254,0,normal
2673290e,User_005,2025-08-19 08:27:06,failed_login,0.0,Kavajë,Tablet_Android,3.173.150.154,0,normal
a2722400,User_014,2025-08-19 19:01:38,logout,0.0,Kavajë,Tablet_iPad,108.82.65.234,0,normal
75990b4e,User_003,2025-08-20 03:58:51,login,0.0,Sarandë,Mobile_iOS,71.8.135.58,1,fraud
1818c011,User_015,2025-08-20 20:14:21,logout,0.0,Berat,Desktop_Mac,152.123.155.22,0,normal
db5099f2,User_010,2025-08-21 01:27:59,logout,0.0,Pogradec,Mobile_Android,169.107.68.250,0,normal
7ec7b92f,User_020,2025-08-21 02:38:05,view_balance,0.0,Vlorë,Mobile_iOS,82.195.110.208,0,normal
e5cadaf6,User_005,2025-08-21 11:25:45,payment,189.55,Kavajë,Tablet_Android,143.13.148.165,0,normal
fcb21c7e,User_008,2025-08-21 16:34:50,transfer,642.08,Elbasan,Desktop_Mac,84.74.46.108,0,normal
5812261f,User_017,2025-08-21 16:39:30,payment,163.32,Shkodër,Mobile_Android,27.65.155.175,0,normal
b0d9b880,User_003,2025-08-21 19:28:37,payment,98.71,Sarandë,Mobile_iOS,218.141.192.107,0,normal
d988f9ac,User_002,2025-08-22 15:37:59,login,0.0,Shkodër,Tablet_iPad,61.6.32.66,0,normal
d31ed15c,User_011,2025-08-22 18:49:05,change_password,0.0,Vlorë,Desktop_Mac,160.11.157.74,0,normal
934c2ea1,User_012,2025-08-23 00:54:44,payment,688.11,Korçë,Mobile_iOS,81.168.10.166,0,normal
52943c36,User_012,2025-08-23 11:32:16,failed_login,0.0,Korçë,Mobile_iOS,110.21.84.102,0,normal
879cad31,User_012,2025-08-24 19:31:05,view_balance,0.0,Korçë,Mobile_iOS,204.88.207.196,0,normal
35b211c9,User_013,2025-08-25 00:05:23,change_password,0.0,Kavajë,Tablet_Android,41.199.143.184,0,normal
c2969b76,User_007,2025-08-25 14:42:28,logout,0.0,Sarandë,Mobile_iOS,88.80.186.159,0,normal
46504aa8,User_016,2025-08-25 19:55:48,view_balance,0.0,Elbasan,Mobile_Android,217.171.138.184,0,normal
39ee7c14,User_006,2025-08-27 02:37:02,view_balance,0.0,Berat,Tablet_Android,113.168.155.113,0,normal
d688c7db,User_012,2025-08-27 07:35:14,login,0.0,Korçë,Mobile_iOS,157.65.89.125,0,normal
7eebeaa8,User_019,2025-08-27 08:04:12,payment,221.09,Berat,Desktop_Windows,25.176.180.122,0,normal
c93dfd05,User_019,2025-08-28 02:50:11,transfer,4190.3,Berat,Desktop_Windows,110.21.66.118,1,fraud
1e4871f9,User_004,2025-08-28 22:41:43,payment,503.65,Lezhë,Desktop_Mac,157.108.94.149,0,normal
a368fc33,User_008,2025-08-29 15:58:54,view_balance,0.0,Elbasan,Desktop_Mac,60.236.40.36,0,normal
38a98608,User_007,2025-08-29 19:31:03,failed_login,0.0,Sarandë,Mobile_iOS,202.172.86.30,0,normal
6212a1ea,User_010,2025-08-30 07:20:27,view_balance,0.0,Pogradec,Mobile_Android,57.161.2.120,0,normal
cd2f3442,User_010,2025-08-31 02:28:53,login,0.0,Pogradec,Mobile_Android,160.168.56.27,0,normal
3ab66ab8,User_019,2025-08-31 03:35:25,transfer,284.07,Berat,Desktop_Windows,214.184.242.109,0,normal
d096f588,User_005,2025-09-01 09:11:46,payment,368.16,Kavajë,Tablet_Android,46.99.71.41,0,normal
d1a92d6c,User_007,2025-09-01 11:15:15,transfer,272.89,Sarandë,Mobile_iOS,145.106.34.10,0,normal
0a9fd336,User_018,2025-09-01 20:24:27,failed_login,0.0,Berat,Desktop_Windows,108.187.144.126,0,normal
49aa2758,User_015,2025-09-02 09:36:57,login,0.0,Berat,Desktop_Mac,124.148.41.21,0,normal
bf502d55,User_013,2025-09-03 01:15:21,view_balance,0.0,Kavajë,Tablet_Android,169.115.185.17,0,normal
7b2eed2a,User_013,2025-09-03 01:25:58,failed_login,0.0,Kavajë,Tablet_Android,18.225.174.160,1,fraud
b279b50c,User_003,2025-09-03 07:23:14,login,0.0,Zurich,Mobile_iOS,218.55.215.1,1,fraud
8cf6d589,User_006,2025-09-03 18:31:08,failed_login,0.0,Berat,Tablet_Android,157.60.204.64,0,normal
d640e3df,User_012,2025-09-04 00:42:52,transfer,2523.81,Korçë,Mobile_iOS,182.162.5.10,1,fraud
30314db2,User_009,2025-09-04 02:50:30,payment,397.84,Korçë,Tablet_iPad,60.11.55.72,0,normal
9219a039,User_008,2025-09-04 03:19:43,login,0.0,Elbasan,Desktop_Mac,16.136.74.59,1,fraud
fd2c5719,User_002,2025-09-04 07:12:41,payment,110.11,Shkodër,Tablet_iPad,153.226.16.130,0,normal
cf902663,User_016,2025-09-04 10:12:58,transfer,5816.32,Zurich,Mobile_Android,88.149.233.40,1,fraud
5460944c,User_007,2025-09-06 02:47:17,login,0.0,Sarandë,Mobile_iOS,122.21.18.205,0,normal
9ebe6cec,User_017,2025-09-08 08:08:22,login,0.0,Shkodër,Tablet_Android,221.97.92.28,1,fraud
ccacac19,User_017,2025-09-08 08:28:08,transfer,179.35,Shkodër,Mobile_Android,22.6.14.198,0,normal
2f087b5f,User_008,2025-09-08 19:34:04,transfer,5249.95,Munich,Desktop_Mac,147.47.196.199,1,fraud
6ab898ad,User_011,2025-09-09 04:35:34,view_balance,0.0,Vlorë,Desktop_Mac,91.150.87.180,0,normal
fbb06c98,User_012,2025-09-10 05:06:45,view_balance,0.0,Korçë,Mobile_iOS,67.196.150.120,0,normal
eb6eb75b,User_010,2025-09-12 10:20:23,failed_login,0.0,Pogradec,Mobile_Android,84.201.0.127,0,normal
f0bcc142,User_018,2025-09-12 20:04:47,failed_login,0.0,Berat,Desktop_Windows,183.56.60.76,0,normal
44e536c2,User_008,2025-09-13 01:14:42,transfer,1645.17,Elbasan,Desktop_Mac,159.89.165.199,1,fraud
42ff60d5,User_005,2025-09-13 08:33:52,transfer,286.87,Kavajë,Tablet_Android,44.42.64.43,0,normal
9e83ae7a,User_003,2025-09-13 11:48:58,failed_login,0.0,Sarandë,Mobile_iOS,198.209.208.129,0,normal
0e84135a,User_011,2025-09-13 21:21:42,transfer,85.02,Vlorë,Desktop_Mac,19.194.72.92,0,normal
807843e1,User_020,2025-09-13 22:29:24,transfer,2744.91,Vlorë,Mobile_Android,114.142.33.59,1,fraud
31e18117,User_018,2025-09-16 06:42:17,login,0.0,Berat,Mobile_iOS,159.75.211.150,1,fraud
700f36e1,User_007,2025-09-17 00:14:39,view_balance,0.0,Sarandë,Mobile_iOS,75.140.153.89,0,normal
b034666f,User_015,2025-09-17 06:44:34,logout,0.0,Berat,Desktop_Mac,168.218.64.137,0,normal
08398e5d,User_008,2025-09-18 14:03:11,change_password,0.0,Elbasan,Desktop_Mac,34.141.163.57,0,normal
b2723e3f,User_003,2025-09-19 04:04:53,failed_login,0.0,Sarandë,Mobile_iOS,175.145.59.39,0,normal
8935679d,User_009,2025-09-19 08:38:30,view_balance,0.0,Korçë,Tablet_iPad,135.84.129.170,0,normal
741fa7d5,User_016,2025-09-19 11:42:46,transfer,10060.23,Elbasan,Mobile_Android,25.223.144.73,1,fraud
ba99d545,User_020,2025-09-19 18:56:04,failed_login,0.0,Vlorë,Mobile_iOS,98.20.204.213,0,normal
9b4fecd6,User_011,2025-09-20 11:09:38,view_balance,0.0,Vlorë,Desktop_Mac,159.106.142.124,0,normal
b1d754b6,User_002,2025-09-20 15:02:44,failed_login,0.0,Shkodër,Tablet_iPad,86.29.191.66,0,normal
fa4971cb,User_014,2025-09-20 15:15:59,view_balance,0.0,Kavajë,Tablet_iPad,65.83.228.191,0,normal
9ce8c17f,User_020,2025-09-20 21:00:43,login,0.0,Vlorë,Mobile_iOS,158.10.153.120,0,normal
bc2b1c56,User_019,2025-09-21 01:20:29,view_balance,0.0,Berat,Desktop_Windows,61.93.212.42,0,normal
ec62f218,User_015,2025-09-21 01:34:31,failed_login,0.0,Berat,Desktop_Mac,108.63.89.168,0,normal
a6d58783,User_002,2025-09-21 06:55:43,transfer,6799.04,Shkodër,Tablet_iPad,187.13.70.141,1,fraud
56d29df6,User_018,2025-09-21 08:05:04,failed_login,0.0,Berat,Desktop_Windows,209.165.114.61,0,normal
6d3279ac,User_001,2025-09-21 13:15:13,failed_login,0.0,Korçë,Tablet_Android,152.160.7.17,0,normal
c30d65f7,User_014,2025-09-21 18:45:41,payment,203.28,Kavajë,Tablet_iPad,195.35.196.37,0,normal
0744f4ce,User_005,2025-09-21 20:59:43,failed_login,0.0,Kavajë,Tablet_Android,145.19.169.242,0,normal
a4ae4349,User_002,2025-09-21 21:07:48,view_balance,0.0,Shkodër,Tablet_iPad,160.150.79.187,0,normal
eb075884,User_010,2025-09-22 02:20:25,failed_login,0.0,Pogradec,Mobile_Android,43.217.126.190,0,normal
ea1adb41,User_004,2025-09-22 21:55:54,failed_login,0.0,Lezhë,Desktop_Mac,70.198.118.46,0,normal
35e21af3,User_002,2025-09-23 01:10:49,login,0.0,Shkodër,Tablet_iPad,218.80.117.88,0,normal
346ba6e2,User_018,2025-09-23 20:35:11,payment,353.53,Berat,Desktop_Windows,102.134.40.84,0,normal
8c2b5663,User_002,2025-09-24 21:44:46,failed_login,0.0,Shkodër,Tablet_iPad,9.190.175.106,0,normal
4dfe7189,User_011,2025-09-25 09:07:23,payment,42.35,Vlorë,Desktop_Mac,16.76.251.214,0,normal
55b7536d,User_013,2025-09-25 15:32:44,view_balance,0.0,Kavajë,Tablet_Android,137.227.180.3,0,normal
86757234,User_005,2025-09-25 16:54:12,view_balance,0.0,Kavajë,Tablet_Android,123.98.150.36,0,normal
f7a8d1a4,User_016,2025-09-26 21:53:56,transfer,4722.57,Elbasan,Mobile_Android,41.177.12.189,1,fraud
75612366,User_003,2025-09-26 23:46:24,view_balance,0.0,Sarandë,Mobile_iOS,171.27.247.129,0,normal
1415891f,User_010,2025-09-28 14:54:38,view_balance,0.0,Pogradec,Mobile_Android,75.232.54.16,0,normal
2702e446,User_007,2025-09-28 22:28:28,transfer,296.22,Sarandë,Mobile_iOS,208.222.5.31,0,normal
c98a4d81,User_009,2025-09-29 03:34:59,failed_login,0.0,Korçë,Tablet_iPad,13.170.171.50,0,normal
e8c636c9,User_002,2025-09-30 10:42:52,failed_login,0.0,Shkodër,Tablet_iPad,218.4.151.184,0,normal
1045a3df,User_015,2025-10-01 05:34:50,logout,0.0,Berat,Desktop_Mac,118.85.35.138,0,normal
10c3f65a,User_019,2025-10-02 08:27:19,failed_login,0.0,Berat,Desktop_Windows,103.118.163.91,0,normal
60247c5e,User_004,2025-10-02 19:32:19,logout,0.0,Lezhë,Desktop_Mac,204.212.37.40,0,normal
d87b55f8,User_003,2025-10-04 03:41:36,view_balance,0.0,Sarandë,Mobile_iOS,62.22.177.116,0,normal
96c795ca,User_019,2025-10-04 04:17:27,transfer,329.45,Berat,Desktop_Windows,169.17.138.157,0,normal
dc05fbc8,User_011,2025-10-04 11:04:22,view_balance,0.0,Vlorë,Desktop_Mac,49.17.243.170,0,normal
5ddf240e,User_007,2025-10-04 19:25:03,change_password,0.0,Sarandë,Mobile_iOS,105.67.116.80,0,normal
1ffbb9a4,User_016,2025-10-04 23:25:32,logout,0.0,Elbasan,Mobile_Android,124.50.56.167,0,normal
d90196a9,User_016,2025-10-05 03:04:36,payment,95.35,Elbasan,Mobile_Android,129.166.97.204,0,normal
a22ac0df,User_005,2025-10-05 03:19:31,change_password,0.0,Kavajë,Tablet_Android,5.195.169.202,0,normal
500a0451,User_012,2025-10-05 07:36:46,transfer,7284.2,Berlin,Mobile_iOS,154.169.91.155,1,fraud
8d3b1283,User_004,2025-10-05 09:38:52,failed_login,0.0,Lezhë,Desktop_Mac,86.140.17.74,0,normal
3485f358,User_020,2025-10-06 12:04:30,login,0.0,Vlorë,Mobile_iOS,30.93.110.142,0,normal
bbbca864,User_011,2025-10-06 15:21:16,failed_login,0.0,Vlorë,Desktop_Mac,174.74.32.40,0,normal
803ec152,User_007,2025-10-06 17:42:18,payment,258.95,Sarandë,Mobile_iOS,116.16.74.139,0,normal
ffb61672,User_004,2025-10-06 22:05:23,login,0.0,Lezhë,Desktop_Mac,5.102.149.32,0,normal
79c88350,User_013,2025-10-08 06:08:53,view_balance,0.0,Kavajë,Tablet_Android,76.156.57.62,0,normal
0ec6481f,User_017,2025-10-08 08:20:19,change_password,0.0,Shkodër,Mobile_Android,81.212.15.199,0,normal
03aafd9d,User_017,2025-10-08 23:11:17,failed_login,0.0,Shkodër,Mobile_Android,26.204.205.243,0,normal
7c3eda24,User_005,2025-10-09 16:02:06,change_password,0.0,Kavajë,Tablet_Android,191.2.243.63,0,normal
c2c8cc17,User_017,2025-10-09 20:21:57,transfer,130.2,Shkodër,Mobile_Android,79.8.22.75,0,normal
f4a6cffd,User_005,2025-10-09 21:03:30,change_password,0.0,Kavajë,Tablet_Android,156.203.136.5,0,normal
ab115d33,User_010,2025-10-10 01:04:28,login,0.0,Pogradec,Mobile_Android,112.128.170.223,0,normal
75dfe25e,User_011,2025-10-10 11:16:05,transfer,45.4,Vlorë,Desktop_Mac,53.167.206.172,0,normal
45e846ba,User_006,2025-10-11 20:53:42,payment,316.11,Berat,Tablet_Android,201.209.161.110,0,normal
7d319aad,User_015,2025-10-12 11:35:58,login,0.0,Berat,Desktop_Mac,57.224.83.7,0,normal
cb992f31,User_009,2025-10-12 14:36:22,logout,0.0,Korçë,Tablet_iPad,172.187.212.82,0,normal
22486617,User_016,2025-10-13 09:37:17,login,0.0,Elbasan,Tablet_Android,193.66.243.199,1,fraud
6e4ebec7,User_016,2025-10-15 01:10:09,transfer,107.03,Elbasan,Mobile_Android,222.5.12.8,0,normal
4287bb28,User_017,2025-10-15 01:27:30,login,0.0,Shkodër,Mobile_Android,28.213.82.112,0,normal
621c3a35,User_005,2025-10-16 03:21:01,change_password,0.0,Kavajë,Tablet_Android,6.244.39.130,0,normal
48ead4ae,User_019,2025-10-17 13:03:47,view_balance,0.0,Berat,Desktop_Windows,136.25.239.107,0,normal
59a9345c,User_014,2025-10-17 17:55:33,view_balance,0.0,Kavajë,Tablet_iPad,149.24.235.113,0,normal
6a4fd33a,User_016,2025-10-18 21:37:30,change_password,0.0,Elbasan,Mobile_Android,197.228.194.232,0,normal
8ec09cbc,User_019,2025-10-19 17:51:58,login,0.0,Milan,Desktop_Windows,218.244.87.201,1,fraud
ef673895,User_020,2025-10-20 03:27:43,change_password,0.0,Vlorë,Mobile_iOS,132.105.201.130,0,normal
8fd865d7,User_002,2025-10-20 04:37:44,payment,145.47,Shkodër,Tablet_iPad,155.223.5.122,0,normal
938459c5,User_012,2025-10-20 09:16:36,payment,581.5,Korçë,Mobile_iOS,155.118.147.227,0,normal
5e173ddc,User_003,2025-10-20 10:39:25,view_balance,0.0,Sarandë,Mobile_iOS,196.74.147.123,0,normal
b64c6f12,User_008,2025-10-21 09:34:50,change_password,0.0,Elbasan,Desktop_Mac,10.225.131.85,0,normal
35112fb6,User_005,2025-10-21 21:17:13,view_balance,0.0,Kavajë,Tablet_Android,32.126.165.147,0,normal
086294cb,User_012,2025-10-22 01:31:12,view_balance,0.0,Korçë,Mobile_iOS,220.44.20.214,0,normal
4b14f496,User_008,2025-10-22 07:13:31,payment,182.01,Elbasan,Desktop_Mac,144.195.224.7,0,normal
44aa92f4,User_011,2025-10-22 14:37:19,transfer,31.63,Vlorë,Desktop_Mac,69.108.9.76,0,normal
e6a7e42a,User_011,2025-10-23 10:35:48,view_balance,0.0,Vlorë,Desktop_Mac,56.67.234.143,0,normal
8ea26d27,User_001,2025-10-26 21:47:38,transfer,563.62,Korçë,Tablet_Android,106.143.73.72,0,normal
d53f812e,User_015,2025-10-27 03:14:42,change_password,0.0,Berat,Desktop_Mac,125.33.202.105,0,normal
c8e927b0,User_019,2025-10-27 17:05:17,view_balance,0.0,Berat,Desktop_Windows,83.77.33.113,0,normal
64061797,User_011,2025-10-28 00:59:37,failed_login,0.0,Vlorë,Desktop_Mac,183.233.190.172,0,normal
1a2ebdcb,User_010,2025-10-28 18:10:12,failed_login,0.0,Pogradec,Mobile_Android,12.239.73.44,0,normal
a6832373,User_004,2025-10-28 22:46:30,logout,0.0,Lezhë,Desktop_Mac,24.150.178.62,0,normal
9994eb4a,User_008,2025-10-28 22:46:39,transfer,630.21,Elbasan,Desktop_Mac,89.64.181.168,0,normal
183bdf8e,User_010,2025-10-29 06:26:26,view_balance,0.0,Pogradec,Mobile_Android,40.188.141.124,0,normal
d22b5999,User_006,2025-10-29 17:43:58,view_balance,0.0,Berat,Tablet_Android,192.70.54.54,0,normal
65214aca,User_007,2025-10-29 19:28:48,payment,473.94,Sarandë,Mobile_iOS,211.105.41.194,0,normal
b279a02c,User_015,2025-10-29 20:23:56,payment,0.0,Zurich,Desktop_Mac,10.178.187.142,1,fraud
86c538c6,User_005,2025-10-30 01:09:55,failed_login,0.0,Kavajë,Tablet_Android,5.31.23.229,0,normal
b6c83f88,User_002,2025-10-30 04:19:10,transfer,236.68,Shkodër,Tablet_iPad,52.19.74.7,0,normal
0316cf62,User_010,2025-11-01 07:10:02,failed_login,0.0,Pogradec,Mobile_Android,181.94.135.86,0,normal
be66adf3,User_019,2025-11-01 13:18:21,view_balance,0.0,Berat,Desktop_Windows,215.164.75.134,0,normal
54423091,User_015,2025-11-03 08:31:10,failed_login,0.0,Berat,Desktop_Mac,29.145.135.109,0,normal
8f70ac93,User_020,2025-11-04 08:10:55,login,0.0,Vlorë,Mobile_iOS,205.25.14.143,0,normal
8bc5200b,User_013,2025-11-04 15:49:41,view_balance,0.0,Kavajë,Tablet_Android,90.2.235.24,0,normal
3307e6ac,User_013,2025-11-04 16:40:35,view_balance,0.0,Kavajë,Tablet_Android,180.33.9.187,0,normal
876b8a90,User_007,2025-11-05 00:48:16,failed_login,0.0,Sarandë,Mobile_iOS,16.43.4.140,0,normal
f8da0355,User_011,2025-11-05 02:40:58,view_balance,0.0,Vlorë,Desktop_Mac,195.46.57.143,0,normal
2f582041,User_013,2025-11-05 06:09:44,failed_login,0.0,Kavajë,Tablet_Android,14.136.199.1,0,normal
9a5b0bf0,User_001,2025-11-05 07:39:50,view_balance,0.0,Korçë,Tablet_Android,7.107.231.30,0,normal
75b10c52,User_007,2025-11-05 22:11:48,view_balance,0.0,Sarandë,Mobile_iOS,89.255.89.49,0,normal
dda1a767,User_009,2025-11-06 04:43:33,login,0.0,Korçë,Tablet_iPad,108.201.169.242,1,fraud
3cb2ffe2,User_015,2025-11-06 04:48:30,transfer,3556.4,Berat,Desktop_Mac,147.85.130.143,1,fraud
9116d01e,User_002,2025-11-07 02:41:33,login,0.0,Shkodër,Tablet_iPad,23.206.184.118,0,normal
fd954570,User_018,2025-11-07 05:34:21,payment,284.45,Berat,Desktop_Windows,214.84.136.246,0,normal
506c9e63,User_013,2025-11-07 13:31:54,failed_login,0.0,Kavajë,Tablet_Android,151.193.240.105,0,normal
b58dbc98,User_017,2025-11-08 00:37:52,failed_login,0.0,Shkodër,Mobile_Android,119.145.76.18,0,normal
90c74ce3,User_005,2025-11-08 00:57:35,view_balance,0.0,Kavajë,Tablet_Android,147.66.195.70,0,normal
a1102a71,User_012,2025-11-08 14:14:05,logout,0.0,Korçë,Mobile_iOS,152.65.92.90,0,normal
6e58131b,User_007,2025-11-08 16:41:41,failed_login,0.0,Sarandë,Mobile_iOS,64.200.244.208,0,normal
610aefaf,User_005,2025-11-08 19:49:10,failed_login,0.0,Kavajë,Tablet_Android,39.24.209.106,0,normal
22675dcf,User_020,2025-11-09 19:08:53,failed_login,0.0,Vlorë,Mobile_iOS,20.39.21.252,0,normal
65caf67c,User_020,2025-11-09 20:25:40,login,0.0,Vlorë,Mobile_iOS,189.44.193.21,0,normal
39d8aba7,User_003,2025-11-09 20:52:45,change_password,0.0,Sarandë,Mobile_iOS,130.133.230.71,0,normal
4260cd79,User_009,2025-11-09 21:05:36,view_balance,0.0,Korçë,Tablet_iPad,148.175.113.152,0,normal
4762e776,User_015,2025-11-09 21:44:32,payment,60.35,Berat,Desktop_Mac,152.102.23.85,0,normal
3de5c2c2,User_016,2025-11-10 21:25:02,login,0.0,Elbasan,Mobile_Android,147.247.27.134,0,normal
4aa0e6c7,User_014,2025-11-10 22:40:24,failed_login,0.0,Kavajë,Tablet_iPad,165.0.225.92,1,fraud
d8cd7a56,User_015,2025-11-11 21:31:31,view_balance,0.0,Berat,Desktop_Mac,132.115.151.116,0,normal
18c17947,User_015,2025-11-11 21:50:47,login,0.0,Berat,Desktop_Mac,8.74.172.27,0,normal
e8a4e2c7,User_018,2025-11-11 22:28:17,view_balance,0.0,Berat,Desktop_Windows,162.91.143.212,0,normal
82fe8baa,User_019,2025-11-12 00:48:31,payment,484.35,Berat,Desktop_Windows,115.20.211.68,0,normal
344c2b29,User_013,2025-11-12 06:56:35,change_password,0.0,Kavajë,Tablet_Android,166.193.42.206,0,normal
9860e762,User_002,2025-11-12 21:29:19,transfer,2633.33,Berlin,Tablet_iPad,70.48.7.138,1,fraud
6b72c451,User_001,2025-11-12 23:54:09,login,0.0,Korçë,Tablet_Android,113.187.67.51,0,normal
6d54dbb8,User_020,2025-11-13 08:38:00,view_balance,0.0,Vlorë,Mobile_iOS,7.200.7.191,0,normal
45317ab6,User_015,2025-11-13 15:18:03,login,0.0,Berat,Desktop_Mac,72.239.180.7,0,normal
b85c1375,User_009,2025-11-14 04:32:50,transfer,207.26,Korçë,Tablet_iPad,174.228.160.231,0,normal
c1872ff4,User_013,2025-11-14 06:31:57,change_password,0.0,Kavajë,Tablet_Android,96.175.86.94,0,normal
77c01293,User_005,2025-11-14 08:04:17,view_balance,0.0,Kavajë,Tablet_Android,41.13.41.158,0,normal
a70480d5,User_005,2025-11-14 11:49:13,failed_login,0.0,Kavajë,Tablet_Android,144.229.28.185,0,normal
199b9370,User_020,2025-11-14 14:58:06,view_balance,0.0,Vlorë,Mobile_iOS,194.110.177.112,0,normal
9aa38dea,User_012,2025-11-14 15:23:18,view_balance,0.0,Korçë,Mobile_iOS,158.72.174.176,0,normal
735fe16c,User_001,2025-11-14 17:47:40,view_balance,0.0,Korçë,Tablet_Android,131.89.244.227,0,normal
cd7a0c5f,User_001,2025-11-15 04:08:16,login,0.0,Korçë,Tablet_Android,124.215.175.76,0,normal
a8b6894d,User_007,2025-11-15 13:23:10,failed_login,0.0,Sarandë,Mobile_iOS,30.222.91.127,0,normal
b17efb8e,User_009,2025-11-16 00:55:51,transfer,436.33,Korçë,Tablet_iPad,223.107.76.35,0,normal
14200378,User_002,2025-11-16 02:06:20,view_balance,0.0,Shkodër,Tablet_iPad,90.162.152.91,0,normal
4227190e,User_014,2025-11-16 07:58:54,payment,181.5,Kavajë,Tablet_iPad,143.123.234.18,0,normal
292a0083,User_008,2025-11-16 09:37:46,login,0.0,Elbasan,Desktop_Mac,44.1.90.52,0,normal
75932491,User_018,2025-11-16 17:45:46,view_balance,0.0,Berat,Desktop_Windows,177.73.203.110,0,normal
1a162458,User_010,2025-11-16 20:15:11,failed_login,0.0,Pogradec,Mobile_Android,41.126.77.47,0,normal
e4e81c99,User_008,2025-11-16 21:59:28,login,0.0,Elbasan,Desktop_Mac,209.160.37.1,0,normal
d042d7ac,User_008,2025-11-17 22:02:23,logout,0.0,Elbasan,Desktop_Mac,204.236.56.75,0,normal
49f98785,User_013,2025-11-18 04:48:37,view_balance,0.0,Kavajë,Tablet_Android,147.157.160.206,0,normal
4045edba,User_008,2025-11-18 22:07:47,login,0.0,Elbasan,Desktop_Mac,111.92.142.144,0,normal
9b55f312,User_004,2025-11-19 01:56:48,view_balance,0.0,Lezhë,Desktop_Mac,111.231.231.65,0,normal
b7fdefd4,User_002,2025-11-19 05:14:26,view_balance,0.0,Shkodër,Tablet_iPad,149.5.194.133,0,normal
2e2618f0,User_009,2025-11-20 01:37:45,failed_login,0.0,Korçë,Tablet_iPad,27.0.15.128,0,normal
dd193954,User_014,2025-11-20 14:34:36,payment,179.67,Kavajë,Tablet_iPad,132.210.150.139,0,normal
d6bc4e01,User_007,2025-11-20 18:00:27,view_balance,0.0,Sarandë,Mobile_iOS,129.2.142.171,0,normal
1f57f246,User_001,2025-11-21 12:03:15,login,0.0,Korçë,Tablet_Android,87.59.19.173,0,normal
b947d1c6,User_004,2025-11-22 08:53:45,view_balance,0.0,Lezhë,Desktop_Mac,80.246.34.28,0,normal
6d5c369c,User_017,2025-11-23 06:02:00,transfer,117.47,Shkodër,Mobile_Android,148.207.214.156,0,normal
1dad98aa,User_015,2025-11-23 07:04:20,change_password,0.0,Berat,Desktop_Mac,41.115.192.16,0,normal
59e2e41e,User_017,2025-11-23 12:03:35,payment,61.62,Shkodër,Mobile_Android,12.116.164.147,0,normal
73fdf296,User_020,2025-11-24 00:48:11,transfer,314.95,Vlorë,Mobile_iOS,50.26.237.175,0,normal
989efdf7,User_009,2025-11-24 19:44:16,view_balance,0.0,Korçë,Tablet_iPad,159.96.144.153,0,normal
379e3cff,User_009,2025-11-27 02:51:22,failed_login,0.0,Korçë,Tablet_iPad,78.240.106.97,0,normal
860a733c,User_020,2025-11-27 10:31:26,payment,465.19,Vlorë,Mobile_iOS,185.82.25.161,0,normal
5f5ebd3c,User_001,2025-11-27 15:17:29,failed_login,0.0,Korçë,Tablet_Android,106.166.12.101,0,normal
020bf3fd,User_010,2025-11-28 09:12:10,transfer,275.89,Pogradec,Mobile_Android,88.194.169.217,0,normal
1b5869f3,User_002,2025-11-28 09:17:53,transfer,7005.69,Vienna,Tablet_iPad,30.240.38.67,1,fraud
e207a7c2,User_001,2025-11-28 16:29:20,view_balance,0.0,Korçë,Tablet_Android,59.106.139.154,0,normal
96fbc982,User_004,2025-11-29 10:02:32,payment,531.83,Lezhë,Desktop_Mac,120.219.53.173,0,normal
19210e29,User_004,2025-11-29 14:56:54,view_balance,0.0,Lezhë,Desktop_Mac,138.13.57.48,0,normal
8d0f696f,User_020,2025-11-30 01:08:36,failed_login,0.0,Vlorë,Mobile_iOS,63.162.183.185,0,normal
061b14b4,User_002,2025-12-01 01:35:05,view_balance,0.0,Shkodër,Tablet_iPad,90.226.62.15,0,normal
08640c83,User_004,2025-12-01 05:53:48,payment,319.91,Lezhë,Desktop_Mac,174.107.142.27,0,normal
b9259108,User_012,2025-12-01 08:22:39,failed_login,0.0,Korçë,Mobile_iOS,129.93.235.170,0,normal
90b93eef,User_015,2025-12-01 19:08:31,transfer,3543.54,Berat,Desktop_Mac,168.220.162.144,1,fraud
f677ae78,User_001,2025-12-01 22:41:50,view_balance,0.0,Korçë,Tablet_Android,112.239.140.45,0,normal
88d59636,User_009,2025-12-02 01:31:25,failed_login,0.0,Korçë,Tablet_iPad,3.118.97.132,1,fraud
f5714abb,User_011,2025-12-02 14:52:59,failed_login,0.0,Vlorë,Desktop_Mac,55.24.172.232,0,normal
e0479876,User_010,2025-12-02 15:53:30,payment,212.83,Pogradec,Mobile_Android,169.97.72.75,0,normal
3b7479c5,User_018,2025-12-04 01:53:34,view_balance,0.0,Berat,Desktop_Windows,166.107.43.197,0,normal
c2de0a35,User_010,2025-12-04 05:18:35,failed_login,0.0,Pogradec,Mobile_Android,177.101.237.171,0,normal
ca9f7010,User_020,2025-12-04 10:56:20,view_balance,0.0,Vlorë,Mobile_iOS,201.243.168.129,0,normal
b437c607,User_015,2025-12-05 09:27:28,transfer,4419.22,Berat,Desktop_Mac,162.87.247.89,1,fraud
586dbe42,User_020,2025-12-05 14:15:52,login,0.0,Vlorë,Mobile_iOS,30.114.147.17,0,normal
35ffeb7c,User_014,2025-12-05 18:01:40,failed_login,0.0,Kavajë,Tablet_iPad,82.112.65.154,0,normal
77909736,User_008,2025-12-06 02:47:24,view_balance,0.0,Elbasan,Desktop_Mac,112.131.123.138,0,normal
b0db517d,User_012,2025-12-06 10:57:54,failed_login,0.0,Korçë,Mobile_iOS,179.254.147.111,0,normal
d220f1e6,User_005,2025-12-06 11:32:27,logout,0.0,Kavajë,Tablet_Android,175.183.140.53,0,normal
56ab0f8a,User_008,2025-12-07 00:54:07,logout,0.0,Elbasan,Desktop_Mac,23.176.187.209,0,normal
cd28e393,User_011,2025-12-07 03:06:25,transfer,2883.8,Vlorë,Desktop_Mac,50.120.115.68,1,fraud
de514a0a,User_005,2025-12-07 13:01:10,logout,0.0,Kavajë,Tablet_Android,123.163.219.109,0,normal
a4cfcb7e,User_017,2025-12-07 13:43:20,failed_login,0.0,Shkodër,Mobile_Android,163.206.145.94,0,normal
1d82b97b,User_003,2025-12-08 05:01:22,payment,147.41,Sarandë,Mobile_iOS,200.212.198.90,0,normal
326a1b77,User_010,2025-12-08 06:34:54,failed_login,0.0,Pogradec,Mobile_Android,149.7.55.243,0,normal
710b635d,User_019,2025-12-08 14:03:27,transfer,442.62,Berat,Desktop_Windows,105.23.179.85,0,normal
d4b3b035,User_010,2025-12-08 20:26:56,transfer,183.99,Pogradec,Mobile_Android,185.156.61.114,0,normal
340a11ea,User_009,2025-12-10 00:43:07,login,0.0,Korçë,Tablet_iPad,77.254.42.34,0,normal
452b40d0,User_002,2025-12-10 07:10:12,login,0.0,Shkodër,Tablet_iPad,113.25.15.147,0,normal
e80e18cf,User_008,2025-12-10 13:25:37,transfer,379.92,Elbasan,Desktop_Mac,181.158.215.238,0,normal
18c81557,User_006,2025-12-10 23:22:21,payment,577.12,Berat,Tablet_Android,201.124.241.19,0,normal
39763e9e,User_017,2025-12-11 20:11:56,logout,0.0,Shkodër,Mobile_Android,19.38.114.49,0,normal
8500b9a9,User_004,2025-12-12 02:18:19,view_balance,0.0,Lezhë,Desktop_Mac,132.145.219.213,0,normal
6074e53a,User_012,2025-12-12 08:09:31,transfer,3525.5,Korçë,Mobile_iOS,182.94.174.162,1,fraud
8f7a96c2,User_015,2025-12-13 18:33:51,view_balance,0.0,Berat,Desktop_Mac,108.191.80.181,0,normal
5316b7c3,User_011,2025-12-14 00:46:27,transfer,10229.64,Vlorë,Desktop_Mac,92.210.155.40,1,fraud
53a81425,User_009,2025-12-14 01:55:14,login,0.0,Korçë,Tablet_iPad,27.74.68.220,0,normal
ce7436ba,User_007,2025-12-14 03:21:11,payment,232.58,Sarandë,Mobile_iOS,151.198.57.96,0,normal
ec32eedb,User_006,2025-12-15 04:08:58,payment,0.0,Paris,Tablet_Android,170.42.46.214,1,fraud
7a09d9ae,User_020,2025-12-15 21:52:50,view_balance,0.0,Vlorë,Mobile_iOS,201.197.49.247,0,normal
979b2869,User_006,2025-12-16 07:01:16,view_balance,0.0,Berat,Tablet_Android,6.222.144.100,0,normal
064fa3d0,User_012,2025-12-16 08:00:04,logout,0.0,Korçë,Mobile_iOS,172.177.124.81,0,normal
a6436ae5,User_011,2025-12-16 14:26:34,login,0.0,Vlorë,Desktop_Mac,183.93.33.63,0,normal
94017a5f,User_010,2025-12-16 18:45:10,change_password,0.0,Pogradec,Mobile_Android,42.61.56.243,0,normal
edbc62f2,User_017,2025-12-16 21:44:05,view_balance,0.0,Shkodër,Mobile_Android,222.22.253.13,0,normal
e67e4a1a,User_014,2025-12-17 15:14:07,view_balance,0.0,Kavajë,Tablet_iPad,113.163.209.250,0,normal
e1fcb526,User_003,2025-12-18 02:26:28,failed_login,0.0,Sarandë,Mobile_iOS,69.32.139.212,0,normal
51b6f977,User_017,2025-12-18 04:15:45,login,0.0,Shkodër,Mobile_Android,76.117.59.130,1,fraud
895019d3,User_001,2025-12-18 07:18:37,transfer,594.03,Korçë,Tablet_Android,190.49.169.160,0,normal
8e7e4c60,User_001,2025-12-18 15:05:40,view_balance,0.0,Korçë,Tablet_Android,161.126.200.137,0,normal
7b89e20b,User_005,2025-12-18 23:40:58,view_balance,0.0,Kavajë,Tablet_Android,168.61.250.237,0,normal
d237bbd7,User_019,2025-12-19 03:13:13,failed_login,0.0,Berat,Desktop_Windows,62.46.200.169,1,fraud
e8a0f6dd,User_010,2025-12-19 21:37:12,login,0.0,Pogradec,Mobile_Android,137.122.94.93,0,normal
168eed95,User_006,2025-12-19 22:14:32,logout,0.0,Berat,Tablet_Android,111.17.194.28,0,normal
83bd0f95,User_016,2025-12-21 14:58:58,login,0.0,Elbasan,Mobile_iOS,6.29.105.235,1,fraud
a4084325,User_017,2025-12-21 19:14:46,payment,271.32,Shkodër,Mobile_Android,148.63.103.79,0,normal
3d2c2c08,User_015,2025-12-21 22:39:51,login,0.0,Berat,Desktop_Mac,91.211.49.166,0,normal
6e9abcb8,User_014,2025-12-22 12:07:28,change_password,0.0,Kavajë,Tablet_iPad,79.138.216.36,0,normal
c878846d,User_011,2025-12-22 15:03:04,failed_login,0.0,Vlorë,Desktop_Mac,215.147.90.41,0,normal
cb001a85,User_018,2025-12-22 22:14:42,login,0.0,Berat,Desktop_Windows,121.135.97.60,0,normal
ebcea8dc,User_014,2025-12-23 01:10:40,payment,142.51,Kavajë,Tablet_iPad,191.129.209.155,0,normal
3739c8a5,User_004,2025-12-23 08:23:34,failed_login,0.0,Lezhë,Desktop_Mac,94.107.6.199,0,normal
93816323,User_017,2025-12-25 13:16:17,failed_login,0.0,Shkodër,Mobile_Android,14.85.15.116,0,normal
dd6af8e3,User_010,2025-12-25 19:04:00,logout,0.0,Pogradec,Mobile_Android,111.110.203.221,0,normal
6e717686,User_020,2025-12-26 02:18:02,login,0.0,Vlorë,Mobile_iOS,50.45.216.245,1,fraud
2194e776,User_014,2025-12-26 13:06:22,view_balance,0.0,Kavajë,Tablet_iPad,71.66.242.111,0,normal
fe7aa72c,User_003,2025-12-26 13:23:49,view_balance,0.0,Sarandë,Mobile_iOS,9.116.93.109,0,normal
a987c648,User_005,2025-12-26 23:43:00,failed_login,0.0,Kavajë,Tablet_Android,31.9.133.229,0,normal
bc282c1e,User_020,2025-12-27 16:19:53,failed_login,0.0,Vlorë,Mobile_iOS,103.215.89.187,0,normal
b8cbe1b6,User_003,2025-12-27 16:48:19,failed_login,0.0,Sarandë,Mobile_iOS,194.205.250.139,0,normal
c873e40b,User_013,2025-12-27 21:41:46,transfer,2253.46,Kavajë,Mobile_Android,53.179.146.208,1,fraud
659cb314,User_019,2025-12-28 00:56:28,payment,269.73,Berat,Desktop_Windows,157.182.143.40,0,normal
b14c5dd4,User_018,2025-12-29 07:37:32,view_balance,0.0,Berat,Desktop_Windows,197.50.85.125,0,normal
061be019,User_013,2025-12-29 12:24:52,view_balance,0.0,Kavajë,Tablet_Android,53.45.41.32,0,normal
c9075e42,User_010,2025-12-29 21:40:08,failed_login,0.0,Pogradec,Mobile_Android,63.135.41.104,0,normal
2ceebd97,User_007,2025-12-30 01:58:19,login,0.0,Sarandë,Mobile_iOS,200.146.52.199,0,normal
442d61e9,User_011,2025-12-30 07:42:21,view_balance,0.0,Vlorë,Desktop_Mac,29.162.190.45,0,normal
51478ebe,User_002,2025-12-30 11:08:20,transfer,160.98,Shkodër,Tablet_iPad,89.84.225.159,0,normal
44cff28a,User_011,2025-12-30 18:53:23,view_balance,0.0,Vlorë,Desktop_Mac,120.221.97.61,0,normal
480e96ba,User_010,2025-12-31 02:30:14,transfer,265.77,Pogradec,Mobile_Android,218.25.92.101,0,normal
82a769c7,User_004,2025-12-31 23:51:55,view_balance,0.0,Lezhë,Desktop_Mac,17.86.169.123,0,normal
